{
	"credit": "Made with Blockbench",
	"parent": "create:item/deforester/item",
	"textures": {
		"4": "block/cyan_stained_glass"
	},
	"elements": [
		{
			"name": "light_outer",
			"from": [5.75, 11, 7.5],
			"to": [9.5, 13, 8.5],
			"rotation": {"angle": 0, "axis": "y", "origin": [10, 16.5, 7.5]},
			"faces": {
				"north": {"uv": [7, 0, 10.75, 2], "texture": "#4"},
				"south": {"uv": [7, 0, 10.75, 2], "texture": "#4"},
				"west": {"uv": [7, 0, 8, 2], "texture": "#4"}
			}
		},
		{
			"name": "blade_outer",
			"from": [10.25, 8.45, 7.5],
			"to": [11.75, 14.95, 8.5],
			"rotation": {"angle": 0, "axis": "y", "origin": [8, 6.75, 8]},
			"faces": {
				"north": {"uv": [0, 6, 1.5, 12.5], "rotation": 180, "texture": "#4"},
				"east": {"uv": [0, 6, 1, 12.5], "texture": "#4"},
				"south": {"uv": [0, 7, 1.5, 13.5], "texture": "#4"},
				"west": {"uv": [1, 6, 2, 12.5], "texture": "#4"},
				"up": {"uv": [0, 9, 1.5, 10], "texture": "#4"},
				"down": {"uv": [0, 7, 1.5, 8], "texture": "#4"}
			}
		}
	]
}