{
	"credit": "Made with Blockbench",
	"parent": "create:item/deforester/item",
	"textures": {
		"3": "block/white_concrete"
	},
	"elements": [
		{
			"name": "light_inner",
			"from": [6, 11, 7.75],
			"to": [9.5, 13, 8.25],
			"rotation": {"angle": 0, "axis": "y", "origin": [10, 16.5, 7.5]},
			"faces": {
				"north": {"uv": [0, 0, 3.5, 2], "texture": "#3"},
				"south": {"uv": [0, 0, 3.5, 2], "texture": "#3"},
				"west": {"uv": [0, 0, 0.5, 2], "texture": "#3"},
				"up": {"uv": [0, 0, 3.5, 0.5], "texture": "#3"},
				"down": {"uv": [0, 0, 3.5, 0.5], "texture": "#3"}
			}
		},
		{
			"name": "blade_inner",
			"from": [10.5, 8.7, 7.75],
			"to": [11.5, 14.7, 8.25],
			"rotation": {"angle": 0, "axis": "y", "origin": [8, 6.75, 8]},
			"faces": {
				"north": {"uv": [0, 0, 1, 6], "texture": "#3"},
				"east": {"uv": [0, 0, 1, 6], "texture": "#3"},
				"south": {"uv": [0, 0, 1, 6], "texture": "#3"},
				"west": {"uv": [0, 0, 1, 6], "texture": "#3"},
				"up": {"uv": [0, 0, 1, 1], "texture": "#3"},
				"down": {"uv": [0, 0, 1, 1], "texture": "#3"}
			}
		}
	]
}