{
	"credit": "Made with Blockbench",
	"parent": "create:block/block",
	"textures": {
		"2": "create:item/deforester_grip",
		"3": "create:block/brass_block",
		"5": "create:block/shadow_steel_casing",
		"6": "create:item/wrench",
		"particle": "create:item/deforester_grip"
	},
	"elements": [
		{
			"name": "connector",
			"from": [9.5, 9.5, 7],
			"to": [10.5, 14.5, 9],
			"rotation": {"angle": 0, "axis": "y", "origin": [8.5, 6, 8]},
			"faces": {
				"north": {"uv": [3, 12, 13, 14], "rotation": 90, "texture": "#5"},
				"east": {"uv": [3, 13, 13, 14], "rotation": 90, "texture": "#5"},
				"south": {"uv": [3, 14, 13, 12], "rotation": 90, "texture": "#5"},
				"west": {"uv": [3, 12, 13, 13], "rotation": 90, "texture": "#5"},
				"up": {"uv": [3, 12, 4, 14], "rotation": 270, "texture": "#5"},
				"down": {"uv": [12, 12, 13, 14], "rotation": 270, "texture": "#5"}
			}
		},
		{
			"name": "body_top",
			"from": [4.5, 12.5, 7.25],
			"to": [9.5, 14, 8.75],
			"rotation": {"angle": 0, "axis": "y", "origin": [0, -1, 0]},
			"faces": {
				"north": {"uv": [1, 9, 7, 7], "rotation": 180, "texture": "#3"},
				"south": {"uv": [1, 7, 7, 9], "texture": "#3"},
				"west": {"uv": [1, 7, 2, 9], "texture": "#3"},
				"up": {"uv": [1, 7, 7, 8], "texture": "#3"},
				"down": {"uv": [1, 8, 7, 9], "texture": "#3"}
			}
		},
		{
			"name": "body_bottom",
			"from": [5.5, 10, 7.25],
			"to": [9.5, 11.5, 8.75],
			"rotation": {"angle": 0, "axis": "y", "origin": [0, -1, 0]},
			"faces": {
				"north": {"uv": [7, 1, 9, 6], "rotation": 90, "texture": "#3"},
				"south": {"uv": [7, 6, 9, 1], "rotation": 90, "texture": "#3"},
				"west": {"uv": [7, 1, 9, 2], "rotation": 90, "texture": "#3"},
				"up": {"uv": [7, 1, 8, 6], "rotation": 270, "texture": "#3"},
				"down": {"uv": [8, 1, 9, 6], "rotation": 270, "texture": "#3"}
			}
		},
		{
			"name": "handle",
			"from": [7.5, 0, 7.5],
			"to": [8.5, 7, 8.5],
			"rotation": {"angle": 0, "axis": "y", "origin": [0, -1, 0]},
			"faces": {
				"north": {"uv": [0, 0, 2, 14], "texture": "#2"},
				"east": {"uv": [0, 0, 2, 14], "texture": "#2"},
				"south": {"uv": [0, 0, 2, 14], "texture": "#2"},
				"west": {"uv": [0, 0, 2, 14], "texture": "#2"}
			}
		},
		{
			"name": "handle",
			"from": [7, 7, 7],
			"to": [9, 8, 9],
			"rotation": {"angle": 45, "axis": "y", "origin": [8, 3.5, 8]},
			"faces": {
				"north": {"uv": [5, 11, 9, 13], "texture": "#5"},
				"east": {"uv": [9, 11, 5, 13], "texture": "#5"},
				"south": {"uv": [5, 11, 9, 13], "texture": "#5"},
				"west": {"uv": [9, 11, 5, 13], "texture": "#5"},
				"up": {"uv": [6, 6, 10, 10], "rotation": 90, "texture": "#5"},
				"down": {"uv": [6, 6, 10, 10], "texture": "#5"}
			}
		},
		{
			"name": "handle",
			"from": [7, -1, 7],
			"to": [9, 0, 9],
			"rotation": {"angle": 45, "axis": "y", "origin": [8, 3.5, 8]},
			"faces": {
				"north": {"uv": [5, 11, 9, 13], "texture": "#5"},
				"east": {"uv": [9, 11, 5, 13], "texture": "#5"},
				"south": {"uv": [5, 11, 9, 13], "texture": "#5"},
				"west": {"uv": [9, 11, 5, 13], "texture": "#5"},
				"up": {"uv": [6, 6, 10, 10], "rotation": 90, "texture": "#5"},
				"down": {"uv": [6, 6, 10, 10], "texture": "#5"}
			}
		},
		{
			"name": "handle",
			"from": [7, 9, 7],
			"to": [9, 10, 9],
			"rotation": {"angle": 45, "axis": "y", "origin": [8, 3.5, 8]},
			"faces": {
				"north": {"uv": [5, 11, 9, 13], "texture": "#5"},
				"east": {"uv": [9, 11, 5, 13], "texture": "#5"},
				"south": {"uv": [5, 11, 9, 13], "texture": "#5"},
				"west": {"uv": [9, 11, 5, 13], "texture": "#5"},
				"up": {"uv": [6, 6, 10, 10], "rotation": 90, "texture": "#5"},
				"down": {"uv": [6, 6, 10, 10], "texture": "#5"}
			}
		},
		{
			"from": [7.45, 5.7, 7.45],
			"to": [8.55, 6.3, 8.55],
			"rotation": {"angle": 0, "axis": "y", "origin": [0.1, -2, 0.25]},
			"faces": {
				"north": {"uv": [5, 0, 7, 1], "texture": "#6"},
				"east": {"uv": [5, 0, 7, 1], "texture": "#6"},
				"south": {"uv": [5, 0, 7, 1], "texture": "#6"},
				"west": {"uv": [5, 0, 7, 1], "texture": "#6"},
				"up": {"uv": [5, 0, 7, 2], "texture": "#6"},
				"down": {"uv": [5, 0, 7, 2], "texture": "#6"}
			}
		},
		{
			"from": [7.45, 0.2, 7.45],
			"to": [8.55, 0.8, 8.55],
			"rotation": {"angle": 0, "axis": "y", "origin": [0.1, -2, 0.25]},
			"faces": {
				"north": {"uv": [5, 0, 7, 1], "texture": "#6"},
				"east": {"uv": [5, 0, 7, 1], "texture": "#6"},
				"south": {"uv": [5, 0, 7, 1], "texture": "#6"},
				"west": {"uv": [5, 0, 7, 1], "texture": "#6"},
				"up": {"uv": [5, 0, 7, 2], "texture": "#6"},
				"down": {"uv": [5, 0, 7, 2], "texture": "#6"}
			}
		},
		{
			"from": [7.95, 4.45, 7.45],
			"to": [8.55, 5.05, 8.55],
			"rotation": {"angle": 0, "axis": "y", "origin": [0.1, -2, 0.25]},
			"faces": {
				"north": {"uv": [2, 10, 3, 11], "texture": "#6"},
				"east": {"uv": [2, 10, 4, 11], "texture": "#6"},
				"south": {"uv": [3, 10, 4, 11], "texture": "#6"},
				"west": {"uv": [2, 10, 4, 11], "texture": "#6"},
				"up": {"uv": [2, 10, 4, 11], "rotation": 270, "texture": "#6"},
				"down": {"uv": [2, 10, 4, 11], "rotation": 90, "texture": "#6"}
			}
		},
		{
			"from": [7.95, 3.45, 7.45],
			"to": [8.55, 4.05, 8.55],
			"rotation": {"angle": 0, "axis": "y", "origin": [0.1, -2, 0.25]},
			"faces": {
				"north": {"uv": [2, 10, 3, 11], "texture": "#6"},
				"east": {"uv": [2, 10, 4, 11], "texture": "#6"},
				"south": {"uv": [3, 10, 4, 11], "texture": "#6"},
				"west": {"uv": [2, 10, 4, 11], "texture": "#6"},
				"up": {"uv": [2, 10, 4, 11], "rotation": 270, "texture": "#6"},
				"down": {"uv": [2, 10, 4, 11], "rotation": 90, "texture": "#6"}
			}
		},
		{
			"from": [7.95, 2.45, 7.45],
			"to": [8.55, 3.05, 8.55],
			"rotation": {"angle": 0, "axis": "y", "origin": [0.1, -2, 0.25]},
			"faces": {
				"north": {"uv": [2, 10, 3, 11], "texture": "#6"},
				"east": {"uv": [2, 10, 4, 11], "texture": "#6"},
				"south": {"uv": [3, 10, 4, 11], "texture": "#6"},
				"west": {"uv": [2, 10, 4, 11], "texture": "#6"},
				"up": {"uv": [2, 10, 4, 11], "rotation": 270, "texture": "#6"},
				"down": {"uv": [2, 10, 4, 11], "rotation": 90, "texture": "#6"}
			}
		},
		{
			"from": [7.95, 1.45, 7.45],
			"to": [8.55, 2.05, 8.55],
			"rotation": {"angle": 0, "axis": "y", "origin": [0.1, -2, 0.25]},
			"faces": {
				"north": {"uv": [2, 10, 3, 11], "texture": "#6"},
				"east": {"uv": [2, 10, 4, 11], "texture": "#6"},
				"south": {"uv": [3, 10, 4, 11], "texture": "#6"},
				"west": {"uv": [2, 10, 4, 11], "texture": "#6"},
				"up": {"uv": [2, 10, 4, 11], "rotation": 270, "texture": "#6"},
				"down": {"uv": [2, 10, 4, 11], "rotation": 90, "texture": "#6"}
			}
		}
	],
	"display": {
		"thirdperson_righthand": {
			"rotation": [0, 82.5, 0],
			"translation": [0, 3.5, 0]
		},
		"thirdperson_lefthand": {
			"rotation": [0, 268.5, 0],
			"translation": [0, 3.5, 0]
		},
		"firstperson_righthand": {
			"rotation": [-23.5, 105.25, 22.25],
			"translation": [0.25, 3.25, 0]
		},
		"firstperson_lefthand": {
			"rotation": [22, -79, 12],
			"translation": [0.25, 3.25, 0]
		},
		"ground": {
			"rotation": [90, 0, 0]
		},
		"gui": {
			"rotation": [21, -157, 46],
			"translation": [-0.25, -0.5, 0]
		}
	}
}