{
	"credit": "Made with Blockbench",
	"parent": "create:item/extendo_grip/item",
	"textures": {
		"1": "create:item/cog",
		"particle": "create:item/cog"
	},
	"elements": [
		{
			"name": "Cog",
			"from": [7, 5, 3],
			"to": [9, 13, 5],
			"rotation": {"angle": 0, "axis": "y", "origin": [8, 9, 4]},
			"faces": {
				"north": {"uv": [7, 4, 9, 12], "texture": "#1"},
				"east": {"uv": [7, 4, 9, 12], "texture": "#1"},
				"south": {"uv": [7, 4, 9, 12], "texture": "#1"},
				"west": {"uv": [7, 4, 9, 12], "texture": "#1"},
				"up": {"uv": [7, 2, 9, 4], "rotation": 180, "texture": "#1"},
				"down": {"uv": [7, 2, 9, 4], "rotation": 180, "texture": "#1"}
			}
		},
		{
			"name": "Cog",
			"from": [7, 5, 3],
			"to": [9, 13, 5],
			"rotation": {"angle": -45, "axis": "z", "origin": [8, 9, 4]},
			"faces": {
				"north": {"uv": [7, 4, 9, 12], "texture": "#1"},
				"east": {"uv": [7, 4, 9, 12], "texture": "#1"},
				"south": {"uv": [7, 4, 9, 12], "texture": "#1"},
				"west": {"uv": [7, 4, 9, 12], "texture": "#1"},
				"up": {"uv": [7, 2, 9, 4], "rotation": 180, "texture": "#1"},
				"down": {"uv": [7, 2, 9, 4], "rotation": 180, "texture": "#1"}
			}
		},
		{
			"name": "Cog",
			"from": [4, 8, 3],
			"to": [12, 10, 5],
			"rotation": {"angle": 0, "axis": "z", "origin": [8, 9, 4]},
			"faces": {
				"north": {"uv": [7, 4, 9, 12], "rotation": 270, "texture": "#1"},
				"east": {"uv": [7, 2, 9, 4], "rotation": 270, "texture": "#1"},
				"south": {"uv": [7, 4, 9, 12], "rotation": 90, "texture": "#1"},
				"west": {"uv": [7, 2, 9, 4], "rotation": 270, "texture": "#1"},
				"up": {"uv": [7, 4, 9, 12], "rotation": 90, "texture": "#1"},
				"down": {"uv": [7, 4, 9, 12], "rotation": 90, "texture": "#1"}
			}
		},
		{
			"name": "Cog",
			"from": [4, 8, 3],
			"to": [12, 10, 5],
			"rotation": {"angle": -45, "axis": "z", "origin": [8, 9, 4]},
			"faces": {
				"north": {"uv": [7, 4, 9, 12], "rotation": 270, "texture": "#1"},
				"east": {"uv": [7, 2, 9, 4], "rotation": 270, "texture": "#1"},
				"south": {"uv": [7, 4, 9, 12], "rotation": 90, "texture": "#1"},
				"west": {"uv": [7, 2, 9, 4], "rotation": 270, "texture": "#1"},
				"up": {"uv": [7, 4, 9, 12], "rotation": 90, "texture": "#1"},
				"down": {"uv": [7, 4, 9, 12], "rotation": 90, "texture": "#1"}
			}
		},
		{
			"from": [6.975, 11.5, 2.975],
			"to": [9.015, 12.54, 5.015],
			"rotation": {"angle": -45, "axis": "z", "origin": [8, 9, 4]},
			"faces": {
				"north": {"uv": [7, 13, 9, 14], "rotation": 180, "texture": "#1"},
				"east": {"uv": [7, 13, 9, 14], "texture": "#1"},
				"south": {"uv": [7, 13, 9, 14], "rotation": 180, "texture": "#1"},
				"west": {"uv": [7, 13, 9, 14], "texture": "#1"},
				"up": {"uv": [7, 14, 9, 16], "rotation": 180, "texture": "#1"},
				"down": {"uv": [7, 14, 9, 16], "rotation": 90, "texture": "#1"}
			}
		},
		{
			"from": [6.975, 5.5, 2.975],
			"to": [9.015, 6.54, 5.015],
			"rotation": {"angle": -45, "axis": "z", "origin": [8, 9, 4]},
			"faces": {
				"north": {"uv": [7, 13, 9, 14], "rotation": 180, "texture": "#1"},
				"east": {"uv": [7, 13, 9, 14], "texture": "#1"},
				"south": {"uv": [7, 13, 9, 14], "rotation": 180, "texture": "#1"},
				"west": {"uv": [7, 13, 9, 14], "texture": "#1"},
				"up": {"uv": [7, 14, 9, 16], "rotation": 180, "texture": "#1"},
				"down": {"uv": [7, 14, 9, 16], "rotation": 90, "texture": "#1"}
			}
		},
		{
			"from": [4.46, 7.975, 2.975],
			"to": [5.5, 10.015, 5.015],
			"rotation": {"angle": 0, "axis": "z", "origin": [8, 9, 4]},
			"faces": {
				"north": {"uv": [7, 13, 9, 14], "rotation": 270, "texture": "#1"},
				"east": {"uv": [7, 14, 9, 16], "texture": "#1"},
				"south": {"uv": [7, 13, 9, 14], "rotation": 90, "texture": "#1"},
				"west": {"uv": [7, 14, 9, 16], "rotation": 90, "texture": "#1"},
				"up": {"uv": [7, 13, 9, 14], "rotation": 270, "texture": "#1"},
				"down": {"uv": [7, 13, 9, 14], "rotation": 270, "texture": "#1"}
			}
		},
		{
			"from": [10.46, 7.975, 2.975],
			"to": [11.5, 10.015, 5.015],
			"rotation": {"angle": 0, "axis": "z", "origin": [8, 9, 4]},
			"faces": {
				"north": {"uv": [7, 13, 9, 14], "rotation": 270, "texture": "#1"},
				"east": {"uv": [7, 14, 9, 16], "texture": "#1"},
				"south": {"uv": [7, 13, 9, 14], "rotation": 90, "texture": "#1"},
				"west": {"uv": [7, 14, 9, 16], "rotation": 90, "texture": "#1"},
				"up": {"uv": [7, 13, 9, 14], "rotation": 270, "texture": "#1"},
				"down": {"uv": [7, 13, 9, 14], "rotation": 270, "texture": "#1"}
			}
		},
		{
			"from": [10.5, 7.985, 2.975],
			"to": [11.54, 10.025, 5.015],
			"rotation": {"angle": -45, "axis": "z", "origin": [8, 9, 4]},
			"faces": {
				"north": {"uv": [7, 13, 9, 14], "rotation": 90, "texture": "#1"},
				"east": {"uv": [7, 14, 9, 16], "rotation": 270, "texture": "#1"},
				"south": {"uv": [7, 13, 9, 14], "rotation": 270, "texture": "#1"},
				"west": {"uv": [7, 14, 9, 16], "rotation": 180, "texture": "#1"},
				"up": {"uv": [7, 13, 9, 14], "rotation": 90, "texture": "#1"},
				"down": {"uv": [7, 13, 9, 14], "rotation": 90, "texture": "#1"}
			}
		},
		{
			"from": [4.5, 7.985, 2.975],
			"to": [5.54, 10.025, 5.015],
			"rotation": {"angle": -45, "axis": "z", "origin": [8, 9, 4]},
			"faces": {
				"north": {"uv": [7, 13, 9, 14], "rotation": 90, "texture": "#1"},
				"east": {"uv": [7, 14, 9, 16], "rotation": 270, "texture": "#1"},
				"south": {"uv": [7, 13, 9, 14], "rotation": 270, "texture": "#1"},
				"west": {"uv": [7, 14, 9, 16], "rotation": 180, "texture": "#1"},
				"up": {"uv": [7, 13, 9, 14], "rotation": 90, "texture": "#1"},
				"down": {"uv": [7, 13, 9, 14], "rotation": 90, "texture": "#1"}
			}
		},
		{
			"from": [6.975, 5.5, 2.975],
			"to": [9.015, 6.54, 5.015],
			"rotation": {"angle": 0, "axis": "x", "origin": [8, 9, 4]},
			"faces": {
				"north": {"uv": [7, 13, 9, 14], "rotation": 180, "texture": "#1"},
				"east": {"uv": [7, 13, 9, 14], "texture": "#1"},
				"south": {"uv": [7, 13, 9, 14], "rotation": 180, "texture": "#1"},
				"west": {"uv": [7, 13, 9, 14], "texture": "#1"},
				"up": {"uv": [7, 14, 9, 16], "rotation": 180, "texture": "#1"},
				"down": {"uv": [7, 14, 9, 16], "rotation": 90, "texture": "#1"}
			}
		},
		{
			"from": [6.975, 11.5, 2.975],
			"to": [9.015, 12.54, 5.015],
			"rotation": {"angle": 0, "axis": "x", "origin": [8, 9, 4]},
			"faces": {
				"north": {"uv": [7, 13, 9, 14], "rotation": 180, "texture": "#1"},
				"east": {"uv": [7, 13, 9, 14], "texture": "#1"},
				"south": {"uv": [7, 13, 9, 14], "rotation": 180, "texture": "#1"},
				"west": {"uv": [7, 13, 9, 14], "texture": "#1"},
				"up": {"uv": [7, 14, 9, 16], "rotation": 180, "texture": "#1"},
				"down": {"uv": [7, 14, 9, 16], "rotation": 90, "texture": "#1"}
			}
		}
	]
}