{
	"credit": "Made with Blockbench",
	"textures": {
		"3": "block/light_blue_concrete",
		"4": "create:item/extendo_grip",
		"particle": "create:./4"
	},
	"elements": [
		{
			"from": [7, 3.8, 11.4],
			"to": [9, 9.8, 14.4],
			"rotation": {"angle": -22.5, "axis": "x", "origin": [8.5, 4.5, 14]},
			"faces": {
				"north": {"uv": [4, 13, 6, 7], "texture": "#4"},
				"east": {"uv": [6, 6, 3, 12], "texture": "#4"},
				"south": {"uv": [4, 6, 6, 12], "texture": "#4"},
				"west": {"uv": [3, 6, 6, 12], "texture": "#4"},
				"up": {"uv": [0, 0, 2, 3], "rotation": 180, "texture": "#4"},
				"down": {"uv": [4, 5, 6, 8], "texture": "#4"}
			}
		},
		{
			"from": [7.5, 4.8, 9.4],
			"to": [8.5, 10.8, 12.4],
			"rotation": {"angle": -22.5, "axis": "x", "origin": [8, 5.5, 12]},
			"faces": {
				"north": {"uv": [15, 10, 16, 16], "texture": "#4"},
				"east": {"uv": [16, 10, 13, 16], "texture": "#4"},
				"west": {"uv": [13, 10, 16, 16], "texture": "#4"},
				"down": {"uv": [15, 11, 16, 14], "texture": "#4"}
			}
		},
		{
			"from": [6, 8, 7],
			"to": [10, 11, 13],
			"rotation": {"angle": 0, "axis": "y", "origin": [9, 8.5, 9.5]},
			"faces": {
				"north": {"uv": [14, 0, 18, 3], "rotation": 180, "texture": "#4"},
				"east": {"uv": [10, 6, 16, 3], "rotation": 180, "texture": "#4"},
				"south": {"uv": [10, 11, 13, 15], "rotation": 270, "texture": "#4"},
				"west": {"uv": [10, 3, 16, 6], "texture": "#4"},
				"up": {"uv": [10, 0, 16, 4], "rotation": 90, "texture": "#4"},
				"down": {"uv": [10, 0, 16, 4], "rotation": 270, "texture": "#4"}
			}
		},
		{
			"from": [5, 7, 5],
			"to": [11, 11, 7],
			"rotation": {"angle": 0, "axis": "y", "origin": [9, 8.5, 7.5]},
			"faces": {
				"north": {"uv": [9, 10, 13, 16], "rotation": 90, "texture": "#4"},
				"east": {"uv": [14, 1, 16, 5], "texture": "#4"},
				"south": {"uv": [10, 6, 16, 10], "texture": "#4"},
				"west": {"uv": [14, 1, 16, 5], "rotation": 180, "texture": "#4"},
				"up": {"uv": [14, 0, 16, 6], "rotation": 270, "texture": "#4"},
				"down": {"uv": [14, 0, 16, 6], "rotation": 90, "texture": "#4"}
			}
		},
		{
			"name": "Cap",
			"from": [5, 6, 1],
			"to": [11, 12, 3],
			"rotation": {"angle": 0, "axis": "y", "origin": [8, 9, 16]},
			"faces": {
				"north": {"uv": [5, 5, 11, 11], "texture": "#3"},
				"east": {"uv": [5, 14, 11, 16], "rotation": 90, "texture": "#3"},
				"south": {"uv": [5, 5, 11, 11], "texture": "#3"},
				"west": {"uv": [5, 14, 11, 16], "rotation": 90, "texture": "#3"},
				"up": {"uv": [5, 14, 11, 16], "rotation": 180, "texture": "#3"},
				"down": {"uv": [5, 14, 11, 16], "texture": "#3"}
			}
		}
	],
	"display": {
		"thirdperson_righthand": {
			"translation": [0, 0.5, -0.5],
			"scale": [0.55, 0.55, 0.55]
		},
		"thirdperson_lefthand": {
			"translation": [0, 0.5, -0.5],
			"scale": [0.55, 0.55, 0.55]
		},
		"firstperson_righthand": {
			"rotation": [11, 11, 0],
			"translation": [0.25, 2.25, 2.75],
			"scale": [0.5, 0.5, 0.5]
		},
		"firstperson_lefthand": {
			"rotation": [11, 11, 0],
			"translation": [0.25, 2.25, 2.75],
			"scale": [0.5, 0.5, 0.5]
		},
		"ground": {
			"rotation": [0, 0, 90],
			"translation": [0, -0.75, 4],
			"scale": [0.5, 0.5, 0.5]
		},
		"gui": {
			"rotation": [-23, 145, 0],
			"translation": [4, -2.25, 0],
			"scale": [0.625, 0.625, 0.625]
		},
		"head": {
			"rotation": [0, 180, 0],
			"translation": [0, 13, 7]
		},
		"fixed": {
			"rotation": [0, 90, 0],
			"translation": [4.75, 0, 0],
			"scale": [0.5, 0.5, 0.5]
		}
	}
}