{
	"credit": "Made with Blockbench :)",
	"parent": "block/block",
	"textures": {
		"2": "create:item/goggles_model",
		"3": "create:item/goggles"
	},
	"elements": [
		{
			"name": "strap",
			"from": [3.9, 0, 4],
			"to": [12.1, 8, 12.1],
			"faces": {
				"east": {"uv": [8, 0, 16, 8], "texture": "#2"},
				"south": {"uv": [0, 0, 8, 8], "texture": "#2"},
				"west": {"uv": [8, 8, 16, 16], "texture": "#2"}
			}
		},
		{
			"from": [11, 7, 3.25],
			"to": [12, 8, 4],
			"faces": {
				"north": {"uv": [2, 9, 3, 10], "texture": "#3"},
				"east": {"uv": [2, 9, 3, 10], "texture": "#3"},
				"south": {"uv": [2, 9, 3, 10], "texture": "#3"},
				"west": {"uv": [2, 9, 3, 10], "texture": "#3"},
				"up": {"uv": [2, 9, 3, 10], "texture": "#3"},
				"down": {"uv": [2, 9, 3, 10], "texture": "#3"}
			}
		},
		{
			"from": [9, 8, 3.25],
			"to": [11, 9, 4],
			"faces": {
				"north": {"uv": [4, 8, 6, 9], "texture": "#3"},
				"east": {"uv": [3, 8, 4, 9], "texture": "#3"},
				"south": {"uv": [6, 8, 4, 9], "texture": "#3"},
				"west": {"uv": [5, 8, 6, 9], "texture": "#3"},
				"up": {"uv": [6, 8, 4, 9], "texture": "#3"},
				"down": {"uv": [6, 8, 4, 9], "texture": "#3"}
			}
		},
		{
			"from": [9, 6, 3.25],
			"to": [11, 7, 4],
			"faces": {
				"north": {"uv": [3, 11, 5, 12], "texture": "#3"},
				"east": {"uv": [3, 11, 4, 12], "texture": "#3"},
				"south": {"uv": [5, 11, 3, 12], "texture": "#3"},
				"west": {"uv": [5, 11, 6, 12], "texture": "#3"},
				"up": {"uv": [5, 11, 3, 12], "texture": "#3"},
				"down": {"uv": [5, 11, 3, 12], "texture": "#3"}
			}
		},
		{
			"from": [8, 7, 3.25],
			"to": [9, 8, 4],
			"faces": {
				"north": {"uv": [6, 9, 7, 10], "texture": "#3"},
				"east": {"uv": [6, 9, 7, 10], "texture": "#3"},
				"south": {"uv": [6, 9, 7, 10], "texture": "#3"},
				"west": {"uv": [6, 9, 7, 10], "texture": "#3"},
				"up": {"uv": [6, 9, 7, 10], "texture": "#3"},
				"down": {"uv": [6, 9, 7, 10], "texture": "#3"}
			}
		},
		{
			"from": [9, 6, 3.5],
			"to": [11, 8, 3.5],
			"faces": {
				"north": {"uv": [4, 9, 6, 11], "texture": "#3"}
			}
		},
		{
			"from": [5, 6, 3.5],
			"to": [7, 8, 3.5],
			"faces": {
				"north": {"uv": [4, 9, 6, 11], "texture": "#3"}
			}
		},
		{
			"from": [7, 7, 3.25],
			"to": [8, 8, 4],
			"faces": {
				"north": {"uv": [2, 9, 3, 10], "texture": "#3"},
				"east": {"uv": [2, 9, 3, 10], "texture": "#3"},
				"south": {"uv": [2, 9, 3, 10], "texture": "#3"},
				"west": {"uv": [2, 9, 3, 10], "texture": "#3"},
				"up": {"uv": [2, 9, 3, 10], "texture": "#3"},
				"down": {"uv": [2, 9, 3, 10], "texture": "#3"}
			}
		},
		{
			"from": [5, 8, 3.25],
			"to": [7, 9, 4],
			"faces": {
				"north": {"uv": [4, 8, 6, 9], "texture": "#3"},
				"east": {"uv": [3, 8, 4, 9], "texture": "#3"},
				"south": {"uv": [6, 8, 4, 9], "texture": "#3"},
				"west": {"uv": [5, 8, 6, 9], "texture": "#3"},
				"up": {"uv": [6, 8, 4, 9], "texture": "#3"},
				"down": {"uv": [6, 8, 4, 9], "texture": "#3"}
			}
		},
		{
			"from": [5, 6, 3.25],
			"to": [7, 7, 4],
			"faces": {
				"north": {"uv": [3, 11, 5, 12], "texture": "#3"},
				"east": {"uv": [3, 11, 4, 12], "texture": "#3"},
				"south": {"uv": [5, 11, 3, 12], "texture": "#3"},
				"west": {"uv": [5, 11, 6, 12], "texture": "#3"},
				"up": {"uv": [5, 11, 3, 12], "texture": "#3"},
				"down": {"uv": [5, 11, 3, 12], "texture": "#3"}
			}
		},
		{
			"from": [4, 7, 3.25],
			"to": [5, 8, 4],
			"faces": {
				"north": {"uv": [6, 9, 7, 10], "texture": "#3"},
				"east": {"uv": [6, 9, 7, 10], "texture": "#3"},
				"south": {"uv": [6, 9, 7, 10], "texture": "#3"},
				"west": {"uv": [6, 9, 7, 10], "texture": "#3"},
				"up": {"uv": [6, 9, 7, 10], "texture": "#3"},
				"down": {"uv": [6, 9, 7, 10], "texture": "#3"}
			}
		}
	],
	"display": {
		"thirdperson_righthand": {
			"rotation": [75, 45, 0],
			"translation": [0, 2.5, 1.5],
			"scale": [0.375, 0.375, 0.375]
		},
		"thirdperson_lefthand": {
			"rotation": [75, 45, 0],
			"translation": [0, 2.5, 1.5],
			"scale": [0.375, 0.375, 0.375]
		},
		"firstperson_righthand": {
			"rotation": [0, 45, 0],
			"scale": [0.4, 0.4, 0.4]
		},
		"firstperson_lefthand": {
			"rotation": [0, 225, 0],
			"scale": [0.4, 0.4, 0.4]
		},
		"ground": {
			"translation": [0, 1.25, 0],
			"scale": [0.5, 0.5, 0.5]
		},
		"gui": {
			"rotation": [21, -180, 0],
			"translation": [0, 3, 0],
			"scale": [1.5, 1.5, 1.5]
		},
		"head": {
			"translation": [0, 5.75, -0.25],
			"scale": [1.82891, 1.7, 1.7]
		},
		"fixed": {
			"translation": [0, 1.5, 4]
		}
	},
	"groups": [0,
		{
			"name": "goggles",
			"origin": [0, 0, 0],
			"children": [1, 2, 3, 4, 5, 6, 7, 8, 9, 10]
		}
	]
}