{
	"credit": "Made with Blockbench :)",
	"parent": "block/block",
	"textures": {
		"3": "create:block/valve_handle/valve_handle_copper",
		"particle": "create:block/oxidized/copper_block_0"
	},
	"elements": [
		{
			"name": "WheelMid",
			"from": [5.5, 0, 5.5],
			"to": [10.5, 4, 10.5],
			"rotation": {"angle": 0, "axis": "y", "origin": [14, -7, 14]},
			"faces": {
				"north": {"uv": [0, 5, 5, 9], "texture": "#3"},
				"east": {"uv": [0, 5, 5, 9], "texture": "#3"},
				"south": {"uv": [0, 5, 5, 9], "texture": "#3"},
				"west": {"uv": [0, 5, 5, 9], "texture": "#3"},
				"up": {"uv": [0, 0, 5, 5], "rotation": 180, "texture": "#3"},
				"down": {"uv": [0, 0, 5, 5], "texture": "#3"}
			}
		},
		{
			"name": "Nubbin",
			"from": [6.5, 4, 6.5],
			"to": [9.5, 5, 9.5],
			"rotation": {"angle": 0, "axis": "y", "origin": [15.5, 11.5, 15.5]},
			"faces": {
				"north": {"uv": [1, 1, 4, 2], "texture": "#3"},
				"east": {"uv": [1, 3, 4, 4], "rotation": 180, "texture": "#3"},
				"south": {"uv": [1, 3, 4, 4], "texture": "#3"},
				"west": {"uv": [1, 1, 2, 4], "rotation": 90, "texture": "#3"},
				"up": {"uv": [1, 1, 4, 4], "texture": "#3"}
			}
		},
		{
			"name": "BranchNorthTop",
			"from": [6.5, 2.8888, 12.3314],
			"to": [9.5, 5.8888, 14.3314],
			"rotation": {"angle": -45, "axis": "x", "origin": [7.14142, 4.75147, 12.11726]},
			"faces": {
				"north": {"uv": [4, 8, 5, 9], "texture": "#3"},
				"east": {"uv": [1, 6, 4, 8], "rotation": 90, "texture": "#3"},
				"south": {"uv": [0, 0, 0, 0], "texture": "#3"},
				"west": {"uv": [1, 6, 4, 8], "rotation": 270, "texture": "#3"},
				"up": {"uv": [1, 6, 4, 8], "texture": "#3"},
				"down": {"uv": [1, 6, 4, 8], "rotation": 180, "texture": "#3"}
			}
		},
		{
			"name": "BranchNorthMid",
			"from": [7, 3.3888, 9.3314],
			"to": [9, 5.3888, 12.3314],
			"rotation": {"angle": -45, "axis": "x", "origin": [7.14142, 4.75147, 12.11726]},
			"faces": {
				"east": {"uv": [5, 8, 8, 10], "texture": "#3"},
				"west": {"uv": [5, 8, 8, 10], "rotation": 180, "texture": "#3"},
				"up": {"uv": [5, 8, 8, 10], "rotation": 270, "texture": "#3"},
				"down": {"uv": [5, 8, 8, 10], "rotation": 90, "texture": "#3"}
			}
		},
		{
			"name": "BranchNorthBottom",
			"from": [6.5, 2.8888, 7.3314],
			"to": [9.5, 5.8888, 9.3314],
			"rotation": {"angle": -45, "axis": "x", "origin": [7.14142, 4.75147, 12.11726]},
			"faces": {
				"east": {"uv": [1, 6, 4, 8], "rotation": 270, "texture": "#3"},
				"south": {"uv": [4, 8, 5, 9], "texture": "#3"},
				"west": {"uv": [1, 6, 4, 8], "rotation": 90, "texture": "#3"},
				"down": {"uv": [1, 6, 4, 8], "texture": "#3"}
			}
		},
		{
			"name": "WheelNorth",
			"from": [5, 5, 12.8],
			"to": [11, 8, 15],
			"rotation": {"angle": 0, "axis": "y", "origin": [7.14142, 4.75147, 12.11726]},
			"faces": {
				"north": {"uv": [5, 5, 11, 8], "rotation": 180, "texture": "#3"},
				"east": {"uv": [9, 4, 10, 5], "rotation": 270, "texture": "#3"},
				"south": {"uv": [5, 2, 11, 5], "texture": "#3"},
				"west": {"uv": [9, 4, 10, 5], "rotation": 180, "texture": "#3"},
				"up": {"uv": [5, 0, 11, 2], "rotation": 180, "texture": "#3"},
				"down": {"uv": [5, 0, 11, 2], "texture": "#3"}
			}
		},
		{
			"name": "WheelNorthEast",
			"from": [3.5888, 5, 6.9846],
			"to": [5.5888, 7.99, 12.64145],
			"rotation": {"angle": 45, "axis": "y", "origin": [7.14142, 4.75147, 12.11726]},
			"faces": {
				"east": {"uv": [5, 5, 11, 8], "rotation": 180, "texture": "#3"},
				"west": {"uv": [5, 2, 11, 5], "texture": "#3"},
				"up": {"uv": [5, 0, 11, 2], "rotation": 270, "texture": "#3"},
				"down": {"uv": [5, 0, 11, 2], "rotation": 270, "texture": "#3"}
			}
		},
		{
			"name": "BranchEastTop",
			"from": [1, 5, 6.5],
			"to": [3, 8, 9.5],
			"rotation": {"angle": -45, "axis": "z", "origin": [1, 5, 8]},
			"faces": {
				"north": {"uv": [1, 6, 4, 8], "rotation": 270, "texture": "#3"},
				"east": {"uv": [4, 8, 5, 9], "texture": "#3"},
				"south": {"uv": [1, 6, 4, 8], "rotation": 90, "texture": "#3"},
				"west": {"uv": [0, 0, 0, 0], "texture": "#3"},
				"up": {"uv": [1, 6, 4, 8], "rotation": 90, "texture": "#3"},
				"down": {"uv": [1, 6, 4, 8], "rotation": 90, "texture": "#3"}
			}
		},
		{
			"name": "BranchEastMid",
			"from": [3, 5.5, 7],
			"to": [6, 7.5, 9],
			"rotation": {"angle": -45, "axis": "z", "origin": [1, 5, 8]},
			"faces": {
				"north": {"uv": [5, 8, 8, 10], "rotation": 180, "texture": "#3"},
				"south": {"uv": [5, 8, 8, 10], "texture": "#3"},
				"up": {"uv": [5, 8, 8, 10], "texture": "#3"},
				"down": {"uv": [5, 8, 8, 10], "texture": "#3"}
			}
		},
		{
			"name": "BranchEastBottom",
			"from": [6, 5, 6.5],
			"to": [8, 8, 9.5],
			"rotation": {"angle": -45, "axis": "z", "origin": [1, 5, 8]},
			"faces": {
				"north": {"uv": [1, 6, 4, 8], "rotation": 90, "texture": "#3"},
				"south": {"uv": [1, 6, 4, 8], "rotation": 270, "texture": "#3"},
				"west": {"uv": [4, 8, 5, 9], "texture": "#3"},
				"down": {"uv": [1, 6, 4, 8], "rotation": 270, "texture": "#3"}
			}
		},
		{
			"name": "WheelEast",
			"from": [5, 5, 1],
			"to": [11, 8, 3.2],
			"rotation": {"angle": 0, "axis": "y", "origin": [8, 6.5, 1.9]},
			"faces": {
				"north": {"uv": [5, 2, 11, 5], "texture": "#3"},
				"east": {"uv": [9, 4, 10, 5], "rotation": 180, "texture": "#3"},
				"south": {"uv": [5, 5, 11, 8], "rotation": 180, "texture": "#3"},
				"west": {"uv": [9, 4, 10, 5], "rotation": 270, "texture": "#3"},
				"up": {"uv": [5, 0, 11, 2], "texture": "#3"},
				"down": {"uv": [5, 0, 11, 2], "rotation": 180, "texture": "#3"}
			}
		},
		{
			"name": "WheelSouthEast",
			"from": [3.5888, 5, 3.35855],
			"to": [5.5888, 7.99, 9.0154],
			"rotation": {"angle": -45, "axis": "y", "origin": [7.14142, 4.75147, 3.88274]},
			"faces": {
				"east": {"uv": [11, 5, 5, 8], "rotation": 180, "texture": "#3"},
				"west": {"uv": [11, 2, 5, 5], "texture": "#3"},
				"up": {"uv": [11, 0, 5, 2], "rotation": 270, "texture": "#3"},
				"down": {"uv": [11, 0, 5, 2], "rotation": 270, "texture": "#3"}
			}
		},
		{
			"name": "BranchSouthTop",
			"from": [6.5, 2.8888, 1.6686],
			"to": [9.5, 5.8888, 3.6686],
			"rotation": {"angle": 45, "axis": "x", "origin": [7.14142, 4.75147, 3.88274]},
			"faces": {
				"north": {"uv": [0, 0, 0, 0], "texture": "#3"},
				"east": {"uv": [1, 8, 4, 6], "rotation": 90, "texture": "#3"},
				"south": {"uv": [5, 8, 4, 9], "texture": "#3"},
				"west": {"uv": [1, 8, 4, 6], "rotation": 270, "texture": "#3"},
				"up": {"uv": [1, 8, 4, 6], "texture": "#3"},
				"down": {"uv": [1, 8, 4, 6], "rotation": 180, "texture": "#3"}
			}
		},
		{
			"name": "BranchSouthMid",
			"from": [7, 3.3888, 3.6686],
			"to": [9, 5.3888, 6.6686],
			"rotation": {"angle": 45, "axis": "x", "origin": [7.14142, 4.75147, 3.88274]},
			"faces": {
				"east": {"uv": [8, 8, 5, 10], "texture": "#3"},
				"west": {"uv": [8, 8, 5, 10], "rotation": 180, "texture": "#3"},
				"up": {"uv": [8, 8, 5, 10], "rotation": 270, "texture": "#3"},
				"down": {"uv": [8, 8, 5, 10], "rotation": 90, "texture": "#3"}
			}
		},
		{
			"name": "BranchSouthBottom",
			"from": [6.5, 2.8888, 6.6686],
			"to": [9.5, 5.8888, 8.6686],
			"rotation": {"angle": 45, "axis": "x", "origin": [7.14142, 4.75147, 3.88274]},
			"faces": {
				"north": {"uv": [5, 8, 4, 9], "texture": "#3"},
				"east": {"uv": [1, 8, 4, 6], "rotation": 270, "texture": "#3"},
				"west": {"uv": [1, 8, 4, 6], "rotation": 90, "texture": "#3"},
				"down": {"uv": [1, 8, 4, 6], "texture": "#3"}
			}
		},
		{
			"name": "WheelSouth",
			"from": [1, 5, 5],
			"to": [3.2, 8, 11],
			"rotation": {"angle": 0, "axis": "y", "origin": [2, 6.5, 7.9]},
			"faces": {
				"north": {"uv": [9, 4, 10, 5], "rotation": 180, "texture": "#3"},
				"east": {"uv": [5, 5, 11, 8], "rotation": 180, "texture": "#3"},
				"south": {"uv": [9, 4, 10, 5], "rotation": 270, "texture": "#3"},
				"west": {"uv": [5, 2, 11, 5], "texture": "#3"},
				"up": {"uv": [5, 0, 11, 2], "rotation": 270, "texture": "#3"},
				"down": {"uv": [5, 0, 11, 2], "rotation": 270, "texture": "#3"}
			}
		},
		{
			"name": "WheelSouthWest",
			"from": [10.4112, 5, 3.35855],
			"to": [12.4112, 7.99, 9.0154],
			"rotation": {"angle": 45, "axis": "y", "origin": [8.85858, 4.75147, 3.88274]},
			"faces": {
				"east": {"uv": [5, 2, 11, 5], "texture": "#3"},
				"west": {"uv": [5, 5, 11, 8], "rotation": 180, "texture": "#3"},
				"up": {"uv": [11, 2, 5, 0], "rotation": 270, "texture": "#3"},
				"down": {"uv": [11, 2, 5, 0], "rotation": 270, "texture": "#3"}
			}
		},
		{
			"name": "BranchWestBottom",
			"from": [8, 5, 6.5],
			"to": [10, 8, 9.5],
			"rotation": {"angle": 45, "axis": "z", "origin": [15, 5, 8]},
			"faces": {
				"north": {"uv": [1, 8, 4, 6], "rotation": 90, "texture": "#3"},
				"east": {"uv": [5, 8, 4, 9], "texture": "#3"},
				"south": {"uv": [1, 8, 4, 6], "rotation": 270, "texture": "#3"},
				"down": {"uv": [1, 8, 4, 6], "rotation": 270, "texture": "#3"}
			}
		},
		{
			"name": "BranchWestMid",
			"from": [10, 5.5, 7],
			"to": [13, 7.5, 9],
			"rotation": {"angle": 45, "axis": "z", "origin": [15, 5, 8]},
			"faces": {
				"north": {"uv": [8, 8, 5, 10], "rotation": 180, "texture": "#3"},
				"south": {"uv": [8, 8, 5, 10], "texture": "#3"},
				"up": {"uv": [8, 8, 5, 10], "texture": "#3"},
				"down": {"uv": [8, 8, 5, 10], "texture": "#3"}
			}
		},
		{
			"name": "BranchWestTop",
			"from": [13, 5, 6.5],
			"to": [15, 8, 9.5],
			"rotation": {"angle": 45, "axis": "z", "origin": [15, 5, 8]},
			"faces": {
				"north": {"uv": [1, 8, 4, 6], "rotation": 270, "texture": "#3"},
				"east": {"uv": [0, 0, 0, 0], "texture": "#3"},
				"south": {"uv": [1, 8, 4, 6], "rotation": 90, "texture": "#3"},
				"west": {"uv": [5, 8, 4, 9], "texture": "#3"},
				"up": {"uv": [1, 8, 4, 6], "rotation": 90, "texture": "#3"},
				"down": {"uv": [1, 8, 4, 6], "rotation": 90, "texture": "#3"}
			}
		},
		{
			"name": "WheelWest",
			"from": [12.8, 5, 5],
			"to": [15, 8, 11],
			"rotation": {"angle": 0, "axis": "y", "origin": [14, 8, 8]},
			"faces": {
				"north": {"uv": [9, 4, 10, 5], "rotation": 270, "texture": "#3"},
				"east": {"uv": [5, 2, 11, 5], "texture": "#3"},
				"south": {"uv": [9, 4, 10, 5], "rotation": 180, "texture": "#3"},
				"west": {"uv": [5, 5, 11, 8], "rotation": 180, "texture": "#3"},
				"up": {"uv": [5, 0, 11, 2], "rotation": 90, "texture": "#3"},
				"down": {"uv": [5, 0, 11, 2], "rotation": 90, "texture": "#3"}
			}
		},
		{
			"name": "WheelNorthWest",
			"from": [10.4112, 5, 6.9846],
			"to": [12.4112, 7.99, 12.64145],
			"rotation": {"angle": -45, "axis": "y", "origin": [8.85858, 4.75147, 12.11726]},
			"faces": {
				"east": {"uv": [11, 2, 5, 5], "texture": "#3"},
				"west": {"uv": [11, 5, 5, 8], "rotation": 180, "texture": "#3"},
				"up": {"uv": [5, 2, 11, 0], "rotation": 270, "texture": "#3"},
				"down": {"uv": [5, 2, 11, 0], "rotation": 270, "texture": "#3"}
			}
		}
	],
	"display": {
		"thirdperson_righthand": {
			"rotation": [75, 45, 0],
			"translation": [0, 2.5, 0.75],
			"scale": [0.375, 0.375, 0.375]
		},
		"thirdperson_lefthand": {
			"rotation": [75, 45, 0],
			"translation": [0, 2.5, 1],
			"scale": [0.375, 0.375, 0.375]
		},
		"firstperson_righthand": {
			"rotation": [0, 45, 0],
			"translation": [0, 2.5, 0],
			"scale": [0.4, 0.4, 0.4]
		},
		"firstperson_lefthand": {
			"rotation": [0, 45, 0],
			"translation": [0, 2.5, 0],
			"scale": [0.4, 0.4, 0.4]
		},
		"ground": {
			"translation": [0, 0.75, 0],
			"scale": [0.35, 0.35, 0.35]
		},
		"gui": {
			"rotation": [30, 225, 0],
			"translation": [0, 2.75, 0],
			"scale": [0.75, 0.75, 0.75]
		},
		"head": {
			"translation": [0, 13, 0]
		},
		"fixed": {
			"rotation": [-90, 0, 0],
			"translation": [0, 0, -3.5],
			"scale": [0.5, 0.5, 0.5]
		}
	},
	"groups": [
		{
			"name": "Hub",
			"origin": [8, 5.5, -2.5],
			"children": [0, 1]
		},
		{
			"name": "Wheel",
			"origin": [8, 5.5, -2.5],
			"children": [
				{
					"name": "North",
					"origin": [1, 3, 11],
					"children": [2, 3, 4, 5, 6]
				},
				{
					"name": "East",
					"origin": [1, 3, 11],
					"children": [7, 8, 9, 10, 11]
				},
				{
					"name": "South",
					"origin": [1, 3, 11],
					"children": [12, 13, 14, 15, 16]
				},
				{
					"name": "West",
					"origin": [1, 3, 11],
					"children": [17, 18, 19, 20, 21]
				}
			]
		}
	]
}