{
	"credit": "Made with Blockbench",
	"textures": {
		"0": "block/obsidian",
		"2": "block/dark_oak_log",
		"6": "create:block/brass_block",
		"7": "create:block/andesite_casing",
		"particle": "create:block/brass_block"
	},
	"elements": [
		{
			"name": "Grip Core",
			"from": [6.5, -5, 6.5],
			"to": [9.5, 6, 9.5],
			"faces": {
				"north": {"uv": [5, 1, 8, 12], "texture": "#0"},
				"east": {"uv": [2, 3, 5, 14], "texture": "#0"},
				"south": {"uv": [10, 1, 13, 12], "texture": "#0"},
				"west": {"uv": [7, 1, 10, 12], "texture": "#0"},
				"up": {"uv": [0, 0, 3, 3], "texture": "#0"},
				"down": {"uv": [5, 6, 8, 9], "texture": "#0"}
			}
		},
		{
			"name": "Rod Bottom Core",
			"from": [6.5, 7, 6.5],
			"to": [9.5, 17, 9.5],
			"rotation": {"angle": 45, "axis": "y", "origin": [8, 8, 8]},
			"faces": {
				"north": {"uv": [5, 6, 8, 16], "texture": "#6"},
				"east": {"uv": [2, 6, 5, 16], "texture": "#6"},
				"south": {"uv": [11, 6, 14, 16], "texture": "#6"},
				"west": {"uv": [8, 6, 11, 16], "texture": "#6"},
				"up": {"uv": [12, 1, 15, 4], "texture": "#6"},
				"down": {"uv": [8, 10, 11, 13], "texture": "#6"}
			}
		},
		{
			"name": "Grip Cap",
			"from": [6, 6, 6],
			"to": [10, 7, 10],
			"faces": {
				"north": {"uv": [2, 0, 6, 1], "texture": "#2"},
				"east": {"uv": [0, 0, 4, 1], "texture": "#2"},
				"south": {"uv": [0, 0, 4, 1], "texture": "#2"},
				"west": {"uv": [0, 1, 4, 2], "texture": "#2"},
				"up": {"uv": [10, 15, 14, 11], "texture": "#2"},
				"down": {"uv": [5, 3, 9, 7], "texture": "#2"}
			}
		},
		{
			"name": "Rod Top Core",
			"from": [6.5, 27, 6.5],
			"to": [9.5, 30, 9.5],
			"rotation": {"angle": 45, "axis": "y", "origin": [8, 8, 8]},
			"faces": {
				"north": {"uv": [8, 1, 11, 4], "texture": "#6"},
				"east": {"uv": [7, 1, 10, 4], "texture": "#6"},
				"south": {"uv": [5, 1, 8, 4], "texture": "#6"},
				"west": {"uv": [3, 1, 6, 4], "texture": "#6"},
				"up": {"uv": [12, 1, 15, 4], "texture": "#6"},
				"down": {"uv": [12, 1, 15, 4], "texture": "#6"}
			}
		},
		{
			"name": "Cap",
			"from": [6, 30, 6],
			"to": [10, 31, 10],
			"faces": {
				"north": {"uv": [0, 0, 4, 1], "texture": "#2"},
				"east": {"uv": [0, 0, 4, 1], "texture": "#2"},
				"south": {"uv": [0, 0, 4, 1], "texture": "#2"},
				"west": {"uv": [0, 0, 4, 1], "texture": "#2"},
				"up": {"uv": [7, 10, 11, 14], "texture": "#2"},
				"down": {"uv": [7, 10, 11, 14], "texture": "#2"}
			}
		},
		{
			"name": "Grip Deco",
			"from": [6.3, 4, 6.3],
			"to": [9.7, 5, 9.7],
			"faces": {
				"north": {"uv": [4, 1, 7, 2], "texture": "#7"},
				"east": {"uv": [4, 1, 7, 2], "texture": "#7"},
				"south": {"uv": [4, 1, 7, 2], "texture": "#7"},
				"west": {"uv": [4, 1, 7, 2], "texture": "#7"}
			}
		},
		{
			"name": "Grip Deco",
			"from": [6.3, -4, 6.3],
			"to": [9.7, -3, 9.7],
			"faces": {
				"north": {"uv": [4, 1, 7, 2], "texture": "#7"},
				"east": {"uv": [4, 1, 7, 2], "texture": "#7"},
				"south": {"uv": [4, 1, 7, 2], "texture": "#7"},
				"west": {"uv": [4, 1, 7, 2], "texture": "#7"}
			}
		}
	],
	"display": {
		"thirdperson_righthand": {
			"rotation": [15, 0, 0],
			"translation": [-1, 1, 1],
			"scale": [0.5, 0.5, 0.5]
		},
		"firstperson_righthand": {
			"rotation": [15, 0, 0],
			"translation": [0, 0, -2],
			"scale": [0.6, 0.6, 0.6]
		},
		"ground": {
			"translation": [0, 4.2, 0],
			"scale": [0.4, 0.4, 0.4]
		},
		"gui": {
			"rotation": [42, 135, 32],
			"translation": [-1.7, -1.7, 3],
			"scale": [0.8, 0.8, 0.8]
		},
		"fixed": {
			"rotation": [0, 90, 0],
			"translation": [0, -5, 0]
		}
	}
}