{
	"credit": "Made with Blockbench",
	"parent": "block/block",
	"ambientocclusion": false,
	"textures": {
		"18": "create:block/deployer",
		"mechanical_press_head": "create:block/mechanical_press_head",
		"mechanical_press_pole": "minecraft:block/light_blue_concrete"
	},
	"elements": [
		{
			"name": "Cap",
			"from": [5, 5, 12],
			"to": [11, 11, 14],
			"rotation": {"angle": 0, "axis": "y", "origin": [8, 8, -1]},
			"faces": {
				"north": {"uv": [10, 6, 16, 12], "texture": "#mechanical_press_pole"},
				"east": {"uv": [0, 14, 6, 16], "rotation": 90, "texture": "#mechanical_press_pole"},
				"south": {"uv": [10, 6, 16, 12], "texture": "#mechanical_press_pole"},
				"west": {"uv": [0, 14, 6, 16], "rotation": 90, "texture": "#mechanical_press_pole"},
				"up": {"uv": [0, 14, 6, 16], "texture": "#mechanical_press_pole"},
				"down": {"uv": [0, 14, 6, 16], "rotation": 180, "texture": "#mechanical_press_pole"}
			}
		},
		{
			"from": [6, 6, 14],
			"to": [10.05, 9.95, 17],
			"faces": {
				"north": {"uv": [0, 0, 4, 3], "texture": "#mechanical_press_head"},
				"east": {"uv": [4, 0, 7, 4], "texture": "#mechanical_press_head"},
				"south": {"uv": [0, 0, 4, 3], "texture": "#mechanical_press_head"},
				"west": {"uv": [3, 0, 6, 4], "texture": "#mechanical_press_head"},
				"up": {"uv": [3, 0, 6, 4], "rotation": 270, "texture": "#mechanical_press_head"},
				"down": {"uv": [4, 8, 7, 12], "rotation": 270, "texture": "#mechanical_press_head"}
			}
		},
		{
			"from": [5, 5, 16],
			"to": [9, 7, 20],
			"rotation": {"angle": 0, "axis": "x", "origin": [7, 8, 7]},
			"faces": {
				"north": {"uv": [0, 8, 2, 12], "rotation": 90, "texture": "#18"},
				"east": {"uv": [0, 4, 2, 8], "rotation": 270, "texture": "#18"},
				"south": {"uv": [0, 1, 2, 5], "rotation": 270, "texture": "#18"},
				"west": {"uv": [0, 0, 2, 4], "rotation": 270, "texture": "#18"},
				"up": {"uv": [0, 0, 4, 4], "rotation": 270, "texture": "#18"},
				"down": {"uv": [0, 8, 4, 12], "rotation": 270, "texture": "#18"}
			}
		},
		{
			"from": [5, 7, 17],
			"to": [9, 9, 21],
			"rotation": {"angle": 0, "axis": "x", "origin": [7, 8, 7]},
			"faces": {
				"north": {"uv": [0, 8, 2, 12], "rotation": 90, "texture": "#18"},
				"east": {"uv": [0, 4, 2, 8], "rotation": 270, "texture": "#18"},
				"south": {"uv": [0, 1, 2, 5], "rotation": 270, "texture": "#18"},
				"west": {"uv": [0, 0, 2, 4], "rotation": 270, "texture": "#18"},
				"up": {"uv": [0, 8, 4, 12], "rotation": 270, "texture": "#18"},
				"down": {"uv": [0, 8, 4, 12], "rotation": 270, "texture": "#18"}
			}
		},
		{
			"from": [5, 9, 17],
			"to": [10, 11, 21],
			"rotation": {"angle": 0, "axis": "x", "origin": [7, 8, 7]},
			"faces": {
				"north": {"uv": [0, 8, 2, 13], "rotation": 90, "texture": "#18"},
				"east": {"uv": [0, 4, 2, 8], "rotation": 270, "texture": "#18"},
				"south": {"uv": [0, 1, 2, 6], "rotation": 270, "texture": "#18"},
				"west": {"uv": [0, 0, 2, 4], "rotation": 270, "texture": "#18"},
				"up": {"uv": [0, 8, 4, 13], "rotation": 90, "texture": "#18"},
				"down": {"uv": [0, 8, 4, 13], "rotation": 270, "texture": "#18"}
			}
		},
		{
			"from": [8, 6, 17],
			"to": [11, 10, 19],
			"rotation": {"angle": 0, "axis": "x", "origin": [7, 8, 8]},
			"faces": {
				"north": {"uv": [0, 0, 4, 3], "rotation": 90, "texture": "#18"},
				"east": {"uv": [0, 0, 2, 4], "texture": "#18"},
				"south": {"uv": [0, 4, 3, 8], "rotation": 180, "texture": "#18"},
				"west": {"uv": [0, 0, 2, 4], "rotation": 180, "texture": "#18"},
				"up": {"uv": [0, 0, 2, 3], "rotation": 90, "texture": "#18"},
				"down": {"uv": [0, 0, 2, 3], "rotation": 270, "texture": "#18"}
			}
		},
		{
			"from": [9, 8, 15],
			"to": [11, 10, 17],
			"rotation": {"angle": 0, "axis": "x", "origin": [7, 8, 8]},
			"faces": {
				"north": {"uv": [0, 2, 2, 4], "rotation": 90, "texture": "#18"},
				"east": {"uv": [0, 2, 2, 4], "rotation": 90, "texture": "#18"},
				"south": {"uv": [0, 8, 2, 10], "rotation": 180, "texture": "#18"},
				"west": {"uv": [0, 0, 1, 2], "rotation": 180, "texture": "#18"},
				"up": {"uv": [0, 0, 2, 2], "rotation": 90, "texture": "#18"},
				"down": {"uv": [0, 0, 1, 2], "rotation": 270, "texture": "#18"}
			}
		},
		{
			"from": [5, 7, 15],
			"to": [10, 11, 17],
			"rotation": {"angle": 0, "axis": "x", "origin": [7, 8, 8]},
			"faces": {
				"north": {"uv": [6, 1, 10, 6], "rotation": 90, "texture": "#18"},
				"east": {"uv": [0, 6, 3, 8], "rotation": 90, "texture": "#18"},
				"south": {"uv": [0, 0, 3, 4], "rotation": 270, "texture": "#18"},
				"west": {"uv": [0, 2, 2, 6], "texture": "#18"},
				"up": {"uv": [0, 0, 2, 5], "rotation": 90, "texture": "#18"},
				"down": {"uv": [1, 4, 3, 8], "rotation": 270, "texture": "#18"}
			}
		}
	],
	"groups": [
		{
			"name": "head",
			"origin": [8, 8, 8],
			"children": [0,
				{
					"name": "Item",
					"origin": [8, 8, 8],
					"children": [1, 2, 3, 4, 5, 6, 7]
				}
			]
		}
	]
}