{
	"credit": "Made with Blockbench",
	"parent": "block/block",
	"ambientocclusion": false,
	"textures": {
		"0": "create:block/axis",
		"1": "create:block/axis_top",
		"6": "create:block/piston_bottom",
		"7": "create:block/piston_inner",
		"10": "minecraft:block/light_blue_concrete",
		"11": "create:block/mechanical_press_head",
		"18": "create:block/deployer",
		"particle": "create:block/axis",
		"gearbox_top": "create:block/gearbox_top",
		"gearbox": "create:block/gearbox",
		"andesite_casing_short": "create:block/andesite_casing_short",
		"mechanical_press_pole": "create:block/mechanical_press_pole"
	},
	"elements": [
		{
			"name": "Bottom",
			"from": [0, 0, 0],
			"to": [16, 16, 2],
			"faces": {
				"north": {"uv": [0, 0, 16, 16], "rotation": 90, "texture": "#6"},
				"east": {"uv": [0, 14, 16, 16], "rotation": 270, "texture": "#andesite_casing_short"},
				"south": {"uv": [0, 0, 16, 16], "rotation": 180, "texture": "#gearbox_top"},
				"west": {"uv": [0, 14, 16, 16], "rotation": 90, "texture": "#andesite_casing_short"},
				"up": {"uv": [0, 14, 16, 16], "rotation": 180, "texture": "#gearbox_top"},
				"down": {"uv": [0, 14, 16, 16], "texture": "#gearbox_top"}
			}
		},
		{
			"name": "Inner",
			"from": [2, 1, 2],
			"to": [14, 15, 12],
			"faces": {
				"north": {"uv": [0, 0, 12, 14], "texture": "#gearbox"},
				"south": {"uv": [2, 1, 14, 15], "texture": "#7"},
				"up": {"uv": [2, 4, 14, 14], "rotation": 180, "texture": "#gearbox"},
				"down": {"uv": [2, 4, 14, 14], "texture": "#gearbox"}
			}
		},
		{
			"name": "Side",
			"from": [14, 0, 2],
			"to": [16, 16, 12],
			"faces": {
				"east": {"uv": [0, 4, 16, 14], "rotation": 270, "texture": "#andesite_casing_short"},
				"south": {"uv": [0, 0, 16, 2], "rotation": 270, "texture": "#andesite_casing_short"},
				"west": {"uv": [0, 0, 16, 10], "rotation": 90, "texture": "#gearbox_top"},
				"up": {"uv": [0, 2, 2, 12], "rotation": 180, "texture": "#gearbox_top"},
				"down": {"uv": [14, 0, 16, 10], "texture": "#gearbox_top"}
			}
		},
		{
			"name": "Side2",
			"from": [0, 0, 2],
			"to": [2, 16, 12],
			"faces": {
				"east": {"uv": [0, 0, 16, 10], "rotation": 270, "texture": "#gearbox_top"},
				"south": {"uv": [0, 0, 16, 2], "rotation": 90, "texture": "#andesite_casing_short"},
				"west": {"uv": [0, 4, 16, 14], "rotation": 90, "texture": "#andesite_casing_short"},
				"up": {"uv": [14, 2, 16, 12], "rotation": 180, "texture": "#gearbox_top"},
				"down": {"uv": [0, 0, 2, 10], "texture": "#gearbox_top"}
			}
		},
		{
			"name": "Pole1Core",
			"from": [6, 6, 4],
			"to": [10, 10, 12],
			"rotation": {"angle": 0, "axis": "z", "origin": [8, 8, 10]},
			"faces": {
				"east": {"uv": [1, 6, 5, 14], "rotation": 90, "texture": "#mechanical_press_pole"},
				"west": {"uv": [1, 6, 5, 14], "rotation": 270, "texture": "#mechanical_press_pole"},
				"up": {"uv": [1, 6, 5, 14], "texture": "#mechanical_press_pole"},
				"down": {"uv": [6, 6, 10, 14], "rotation": 180, "texture": "#mechanical_press_pole"}
			}
		},
		{
			"name": "Pole2Core",
			"from": [6, 6, -9],
			"to": [10, 10, 4],
			"rotation": {"angle": 0, "axis": "z", "origin": [8, 8, 10]},
			"faces": {
				"north": {"uv": [11, 6, 15, 10], "rotation": 270, "texture": "#mechanical_press_pole"},
				"east": {"uv": [1, 0, 5, 13], "rotation": 90, "texture": "#mechanical_press_pole"},
				"west": {"uv": [1, 0, 5, 13], "rotation": 270, "texture": "#mechanical_press_pole"},
				"up": {"uv": [1, 0, 5, 13], "texture": "#mechanical_press_pole"},
				"down": {"uv": [1, 0, 5, 13], "rotation": 180, "texture": "#mechanical_press_pole"}
			}
		},
		{
			"name": "Cap",
			"from": [5, 5, 12],
			"to": [11, 11, 14],
			"rotation": {"angle": 0, "axis": "y", "origin": [8, 8, -1]},
			"faces": {
				"north": {"uv": [10, 6, 16, 12], "texture": "#10"},
				"east": {"uv": [0, 14, 6, 16], "rotation": 90, "texture": "#10"},
				"south": {"uv": [10, 6, 16, 12], "texture": "#10"},
				"west": {"uv": [0, 14, 6, 16], "rotation": 90, "texture": "#10"},
				"up": {"uv": [0, 14, 6, 16], "texture": "#10"},
				"down": {"uv": [0, 14, 6, 16], "rotation": 180, "texture": "#10"}
			}
		},
		{
			"from": [4, 5, 17],
			"to": [6, 10, 21],
			"rotation": {"angle": 0, "axis": "y", "origin": [7, 7, 5]},
			"faces": {
				"north": {"uv": [0, 8, 2, 13], "texture": "#18"},
				"east": {"uv": [0, 0, 4, 5], "texture": "#18"},
				"south": {"uv": [0, 1, 2, 6], "texture": "#18"},
				"west": {"uv": [0, 8, 4, 13], "texture": "#18"},
				"up": {"uv": [0, 0, 2, 4], "texture": "#18"},
				"down": {"uv": [0, 4, 2, 8], "texture": "#18"}
			}
		},
		{
			"from": [6, 5, 17],
			"to": [8, 10, 21],
			"rotation": {"angle": 0, "axis": "y", "origin": [7, 7, 5]},
			"faces": {
				"north": {"uv": [0, 8, 2, 13], "texture": "#18"},
				"east": {"uv": [4, 8, 0, 13], "texture": "#18"},
				"south": {"uv": [0, 1, 2, 6], "texture": "#18"},
				"west": {"uv": [0, 8, 4, 13], "texture": "#18"},
				"up": {"uv": [0, 0, 2, 4], "texture": "#18"},
				"down": {"uv": [0, 4, 2, 8], "texture": "#18"}
			}
		},
		{
			"from": [6, 6, 14],
			"to": [10, 9, 18],
			"rotation": {"angle": 0, "axis": "y", "origin": [8, 7, 5]},
			"faces": {
				"north": {"uv": [0, 0, 4, 3], "texture": "#11"},
				"east": {"uv": [0, 0, 4, 3], "texture": "#11"},
				"south": {"uv": [0, 0, 4, 3], "texture": "#11"},
				"west": {"uv": [0, 0, 4, 3], "texture": "#11"},
				"up": {"uv": [0, 0, 4, 4], "rotation": 270, "texture": "#11"},
				"down": {"uv": [0, 0, 4, 4], "rotation": 90, "texture": "#11"}
			}
		},
		{
			"from": [8, 8, 19],
			"to": [10, 10, 25],
			"rotation": {"angle": 0, "axis": "y", "origin": [7, 7, 5]},
			"faces": {
				"north": {"uv": [0, 0, 2, 2], "texture": "#18"},
				"east": {"uv": [2, 3, 4, 9], "rotation": 270, "texture": "#18"},
				"south": {"uv": [0, 1, 2, 3], "texture": "#18"},
				"west": {"uv": [4, 2, 6, 8], "rotation": 90, "texture": "#18"},
				"up": {"uv": [0, 0, 2, 6], "texture": "#18"},
				"down": {"uv": [0, 3, 2, 9], "texture": "#18"}
			}
		},
		{
			"from": [8, 7, 17],
			"to": [12, 10, 19],
			"rotation": {"angle": 0, "axis": "y", "origin": [7, 7, 5]},
			"faces": {
				"north": {"uv": [0, 0, 4, 3], "texture": "#18"},
				"east": {"uv": [0, 1, 2, 4], "rotation": 180, "texture": "#18"},
				"south": {"uv": [0, 8, 3, 12], "rotation": 270, "texture": "#18"},
				"west": {"uv": [0, 0, 2, 3], "texture": "#18"},
				"up": {"uv": [2, 0, 0, 4], "rotation": 270, "texture": "#18"},
				"down": {"uv": [0, 2, 2, 6], "rotation": 270, "texture": "#18"}
			}
		},
		{
			"from": [5, 7, 15],
			"to": [11, 10, 17],
			"rotation": {"angle": 0, "axis": "y", "origin": [7, 7, 5]},
			"faces": {
				"north": {"uv": [0, 2, 3, 8], "rotation": 270, "texture": "#18"},
				"east": {"uv": [1, 4, 3, 7], "texture": "#18"},
				"south": {"uv": [0, 0, 6, 3], "texture": "#18"},
				"west": {"uv": [1, 4, 3, 7], "texture": "#18"},
				"up": {"uv": [1, 2, 3, 8], "rotation": 270, "texture": "#18"},
				"down": {"uv": [1, 2, 3, 8], "rotation": 90, "texture": "#18"}
			}
		},
		{
			"name": "Axis",
			"from": [6, 0, 6],
			"to": [10, 16, 10],
			"shade": false,
			"faces": {
				"north": {"uv": [6, 0, 10, 16], "texture": "#0"},
				"east": {"uv": [6, 0, 10, 16], "texture": "#0"},
				"south": {"uv": [6, 0, 10, 16], "texture": "#0"},
				"west": {"uv": [6, 0, 10, 16], "texture": "#0"},
				"up": {"uv": [6, 6, 10, 10], "texture": "#1"},
				"down": {"uv": [6, 6, 10, 10], "texture": "#1"}
			}
		}
	],
	"display": {
		"thirdperson_righthand": {
			"rotation": [75, 45, 0],
			"translation": [0, 2.5, 0],
			"scale": [0.375, 0.375, 0.375]
		},
		"thirdperson_lefthand": {
			"rotation": [75, 45, 0],
			"translation": [0, 2.5, 0],
			"scale": [0.375, 0.375, 0.375]
		},
		"firstperson_righthand": {
			"rotation": [0, 45, 0],
			"scale": [0.4, 0.4, 0.4]
		},
		"firstperson_lefthand": {
			"rotation": [0, 225, 0],
			"scale": [0.4, 0.4, 0.4]
		},
		"ground": {
			"translation": [0, 3, 0],
			"scale": [0.25, 0.25, 0.25]
		},
		"gui": {
			"rotation": [30, 45, 0],
			"scale": [0.625, 0.625, 0.625]
		},
		"fixed": {
			"rotation": [0, 180, 0],
			"scale": [0.5, 0.5, 0.5]
		}
	},
	"groups": [
		{
			"name": "body",
			"origin": [8, 8, 8],
			"children": [0, 1, 2, 3]
		},
		{
			"name": "pole",
			"origin": [8, 8, 8],
			"children": [
				{
					"name": "head",
					"origin": [8, 8, 8],
					"children": [4, 5]
				}
			]
		},
		{
			"name": "hand_pointing",
			"origin": [8, 8, 8],
			"children": [
				{
					"name": "head",
					"origin": [8, 8, 8],
					"children": [6,
						{
							"name": "Pointing",
							"origin": [8, 8, 8],
							"children": [7, 8, 9, 10, 11, 12]
						}
					]
				}
			]
		},
		{
			"name": "shaft",
			"origin": [8, 8, 8],
			"children": [13]
		}
	]
}