{
	"credit": "Made with Blockbench",
	"textures": {
		"0": "create:block/copper_backtank",
		"1": "create:item/potato_cannon",
		"particle": "create:block/copper_backtank"
	},
		"overrides":	[
			{
				"predicate":	{
					"custom_model_data":1020,
					"create:air": 0.5
						},
			"model": "create:block/copper_backtank/test_1"
			}
				],
	"elements": [
		{
			"from": [5, 0, 5],
			"to": [11, 4, 11],
			"faces": {
				"north": {"uv": [8.5, 4, 11.5, 6], "texture": "#0"},
				"east": {"uv": [4.5, 4, 7.5, 6], "texture": "#0"},
				"south": {"uv": [0.5, 4, 3.5, 6], "texture": "#0"},
				"west": {"uv": [3.5, 4, 0.5, 6], "texture": "#0"},
				"down": {"uv": [4.5, 6.5, 7.5, 9.5], "texture": "#0"}
			}
		},
		{
			"from": [5, 10, 5],
			"to": [11, 12, 11],
			"faces": {
				"north": {"uv": [8.5, 0, 11.5, 1], "texture": "#0"},
				"east": {"uv": [4.5, 0, 7.5, 1], "texture": "#0"},
				"south": {"uv": [0.5, 0, 3.5, 1], "texture": "#0"},
				"west": {"uv": [11.5, 0, 8.5, 1], "texture": "#0"},
				"up": {"uv": [0.5, 6.5, 3.5, 9.5], "texture": "#0"}
			}
		},
		{
			"from": [4, 4, 9],
			"to": [12, 10, 12],
			"faces": {
				"north": {"uv": [5, 1, 5.5, 4], "texture": "#0"},
				"east": {"uv": [4, 1, 5.5, 4], "texture": "#0"},
				"south": {"uv": [0, 1, 4, 4], "texture": "#0"},
				"west": {"uv": [13, 4, 11.5, 7], "texture": "#0"},
				"up": {"uv": [0, 8.5, 4, 10], "texture": "#0"},
				"down": {"uv": [4, 6, 8, 7.5], "texture": "#0"}
			}
		},
		{
			"from": [4.9, 4, 6],
			"to": [11.1, 10, 9],
			"faces": {
				"east": {"uv": [5.5, 1, 7, 4], "texture": "#0"},
				"west": {"uv": [9.5, 6, 8, 9], "texture": "#0"},
				"up": {"uv": [5.5, 1, 7, 1.5], "texture": "#0"},
				"down": {"uv": [5.5, 1, 7, 1.5], "texture": "#0"}
			}
		},
		{
			"from": [4, 4, 4],
			"to": [12, 10, 6],
			"faces": {
				"north": {"uv": [8, 1, 12, 4], "texture": "#0"},
				"east": {"uv": [7, 1, 8, 4], "texture": "#0"},
				"south": {"uv": [7, 1, 7.5, 4], "texture": "#0"},
				"west": {"uv": [14, 4, 13, 7], "texture": "#0"},
				"up": {"uv": [0, 6, 4, 7], "texture": "#0"},
				"down": {"uv": [4, 9, 8, 10], "texture": "#0"}
			}
		},
		{
			"from": [4, 4, 9],
			"to": [12, 10, 11],
			"faces": {
				"south": {"uv": [0, 12.5, 1, 13], "texture": "#0"}
			}
		},
		{
			"from": [5, 2, 3],
			"to": [11, 11, 5],
			"faces": {
				"north": {"uv": [1, 11.5, 4, 16], "texture": "#0"},
				"east": {"uv": [5, 11.5, 4, 16], "texture": "#0"},
				"south": {"uv": [0, 0, 6, 9], "texture": "#0"},
				"west": {"uv": [4, 11.5, 5, 16], "texture": "#0"},
				"up": {"uv": [1, 10.5, 4, 11.5], "texture": "#0"},
				"down": {"uv": [0, 11.5, 1, 14.5], "rotation": 90, "texture": "#0"}
			}
		},
		{
			"name": "connector10",
			"from": [10.25, 9.25, 6.75],
			"to": [11.25, 10.75, 8.25],
			"rotation": {"angle": 22.5, "axis": "z", "origin": [12, 10.25, 7.5]},
			"faces": {
				"north": {"uv": [13.25, 2.25, 13.5, 2.5], "rotation": 270, "texture": "#1"},
				"east": {"uv": [14.75, 2.5, 15, 2.75], "rotation": 270, "texture": "#1"},
				"south": {"uv": [13.25, 2.25, 13.5, 2.5], "rotation": 270, "texture": "#1"},
				"up": {"uv": [13.25, 2.25, 13.5, 2.5], "rotation": 270, "texture": "#1"},
				"down": {"uv": [13.25, 2.25, 13.5, 2.5], "rotation": 270, "texture": "#1"}
			}
		},
		{
			"name": "tube9",
			"from": [11.25, 9.25, 6.75],
			"to": [13.5, 10.75, 8.25],
			"rotation": {"angle": 22.5, "axis": "z", "origin": [12, 10.25, 7.5]},
			"faces": {
				"north": {"uv": [13.5, 1.5, 14, 2.25], "rotation": 270, "texture": "#1"},
				"east": {"uv": [15, 0.5, 15.5, 1], "rotation": 270, "texture": "#1"},
				"south": {"uv": [13.5, 1.5, 14, 2.25], "rotation": 270, "texture": "#1"},
				"up": {"uv": [13.5, 1.5, 14, 2.25], "rotation": 270, "texture": "#1"},
				"down": {"uv": [13.5, 1.5, 14, 2.25], "rotation": 270, "texture": "#1"}
			}
		},
		{
			"name": "tube10",
			"from": [12, 7.1, 6.75],
			"to": [14.25, 8.6, 8.25],
			"rotation": {"angle": 0, "axis": "z", "origin": [12, 10.25, 7.5]},
			"faces": {
				"north": {"uv": [13.5, 1.5, 14, 2.25], "rotation": 270, "texture": "#1"},
				"east": {"uv": [15, 0.5, 15.5, 1], "rotation": 270, "texture": "#1"},
				"south": {"uv": [13.5, 1.5, 14, 2.25], "rotation": 270, "texture": "#1"},
				"up": {"uv": [13.5, 1.5, 14, 2.25], "rotation": 270, "texture": "#1"},
				"down": {"uv": [13.5, 1.5, 14, 2.25], "rotation": 270, "texture": "#1"}
			}
		},
		{
			"name": "connector11",
			"from": [11, 7.1, 6.75],
			"to": [12, 8.6, 8.25],
			"rotation": {"angle": 0, "axis": "z", "origin": [12, 10.25, 7.5]},
			"faces": {
				"north": {"uv": [13.25, 2.25, 13.5, 2.5], "rotation": 270, "texture": "#1"},
				"east": {"uv": [14.75, 2.5, 15, 2.75], "rotation": 270, "texture": "#1"},
				"south": {"uv": [13.25, 2.25, 13.5, 2.5], "rotation": 270, "texture": "#1"},
				"up": {"uv": [13.25, 2.25, 13.5, 2.5], "rotation": 270, "texture": "#1"},
				"down": {"uv": [13.25, 2.25, 13.5, 2.5], "rotation": 270, "texture": "#1"}
			}
		},
		{
			"name": "tube11",
			"from": [11.75, 4.9, 6.75],
			"to": [14, 6.4, 8.25],
			"rotation": {"angle": -22.5, "axis": "z", "origin": [11.5, 5.65, 7.5]},
			"faces": {
				"north": {"uv": [13.5, 1.5, 14, 2.25], "rotation": 270, "texture": "#1"},
				"east": {"uv": [15, 0.5, 15.5, 1], "rotation": 270, "texture": "#1"},
				"south": {"uv": [13.5, 1.5, 14, 2.25], "rotation": 270, "texture": "#1"},
				"up": {"uv": [13.5, 1.5, 14, 2.25], "rotation": 270, "texture": "#1"},
				"down": {"uv": [13.5, 1.5, 14, 2.25], "rotation": 270, "texture": "#1"}
			}
		},
		{
			"name": "connector12",
			"from": [10.75, 4.9, 6.75],
			"to": [11.75, 6.4, 8.25],
			"rotation": {"angle": -22.5, "axis": "z", "origin": [11.5, 5.65, 7.5]},
			"faces": {
				"north": {"uv": [13.25, 2.25, 13.5, 2.5], "rotation": 270, "texture": "#1"},
				"east": {"uv": [14.75, 2.5, 15, 2.75], "rotation": 270, "texture": "#1"},
				"south": {"uv": [13.25, 2.25, 13.5, 2.5], "rotation": 270, "texture": "#1"},
				"up": {"uv": [13.25, 2.25, 13.5, 2.5], "rotation": 270, "texture": "#1"},
				"down": {"uv": [13.25, 2.25, 13.5, 2.5], "rotation": 270, "texture": "#1"}
			}
		},
		{
			"name": "connector11",
			"from": [9.90328, 2.7294, 6.75],
			"to": [10.90328, 4.2294, 8.25],
			"rotation": {"angle": -45, "axis": "z", "origin": [11.5, 3.75, 7.5]},
			"faces": {
				"north": {"uv": [13.25, 2.25, 13.5, 2.5], "rotation": 270, "texture": "#1"},
				"east": {"uv": [14.75, 2.5, 15, 2.75], "rotation": 270, "texture": "#1"},
				"south": {"uv": [13.25, 2.25, 13.5, 2.5], "rotation": 270, "texture": "#1"},
				"up": {"uv": [13.25, 2.25, 13.5, 2.5], "rotation": 270, "texture": "#1"},
				"down": {"uv": [13.25, 2.25, 13.5, 2.5], "rotation": 270, "texture": "#1"}
			}
		},
		{
			"name": "tube10",
			"from": [10.90328, 2.7294, 6.75],
			"to": [13.15328, 4.2294, 8.25],
			"rotation": {"angle": -45, "axis": "z", "origin": [11.5, 3.75, 7.5]},
			"faces": {
				"north": {"uv": [13.5, 1.5, 14, 2.25], "rotation": 270, "texture": "#1"},
				"east": {"uv": [15, 0.5, 15.5, 1], "rotation": 270, "texture": "#1"},
				"south": {"uv": [13.5, 1.5, 14, 2.25], "rotation": 270, "texture": "#1"},
				"up": {"uv": [13.5, 1.5, 14, 2.25], "rotation": 270, "texture": "#1"},
				"down": {"uv": [13.5, 1.5, 14, 2.25], "rotation": 270, "texture": "#1"}
			}
		},
		{
			"from": [5, 4, 10.5],
			"to": [7, 9, 11.5],
			"rotation": {"angle": 0, "axis": "y", "origin": [8, 6.5, 11]},
			"faces": {
				"north": {"uv": [6.5, 11.5, 5.5, 14], "texture": "#0"},
				"east": {"uv": [6.5, 11.5, 7, 14], "texture": "#0"},
				"south": {"uv": [5.5, 11.5, 6.5, 14], "texture": "#0"},
				"west": {"uv": [5.5, 11.5, 6, 14], "texture": "#0"},
				"up": {"uv": [5.5, 11, 6.5, 11.5], "texture": "#0"},
				"down": {"uv": [5.5, 11, 6.5, 11.5], "texture": "#0"}
			}
		},
		{
			"from": [5, 4, 10.5],
			"to": [7, 9, 11.5],
			"rotation": {"angle": 45, "axis": "x", "origin": [8, 6.5, 11]},
			"faces": {
				"north": {"uv": [6.5, 11.5, 5.5, 14], "texture": "#0"},
				"east": {"uv": [6.5, 11.5, 7, 14], "texture": "#0"},
				"south": {"uv": [5.5, 11.5, 6.5, 14], "texture": "#0"},
				"west": {"uv": [5.5, 11.5, 6, 14], "texture": "#0"},
				"up": {"uv": [5.5, 11, 6.5, 11.5], "texture": "#0"},
				"down": {"uv": [5.5, 11, 6.5, 11.5], "texture": "#0"}
			}
		},
		{
			"from": [5, 6, 8.5],
			"to": [7, 7, 13.5],
			"rotation": {"angle": 0, "axis": "y", "origin": [8, 6.5, 11]},
			"faces": {
				"north": {"uv": [5.5, 11, 6.5, 11.5], "rotation": 180, "texture": "#0"},
				"east": {"uv": [6.5, 11.5, 7, 14], "rotation": 270, "texture": "#0"},
				"south": {"uv": [5.5, 11, 6.5, 11.5], "texture": "#0"},
				"west": {"uv": [5.5, 11.5, 6, 14], "rotation": 90, "texture": "#0"},
				"up": {"uv": [6.5, 11.5, 5.5, 14], "rotation": 180, "texture": "#0"},
				"down": {"uv": [5.5, 11.5, 6.5, 14], "texture": "#0"}
			}
		},
		{
			"from": [5, 6, 8.5],
			"to": [7, 7, 13.5],
			"rotation": {"angle": 45, "axis": "x", "origin": [8, 6.5, 11]},
			"faces": {
				"north": {"uv": [5.5, 11, 6.5, 11.5], "rotation": 180, "texture": "#0"},
				"east": {"uv": [6.5, 11.5, 7, 14], "rotation": 270, "texture": "#0"},
				"south": {"uv": [5.5, 11, 6.5, 11.5], "texture": "#0"},
				"west": {"uv": [5.5, 11.5, 6, 14], "rotation": 90, "texture": "#0"},
				"up": {"uv": [6.5, 11.5, 5.5, 14], "rotation": 180, "texture": "#0"},
				"down": {"uv": [5.5, 11.5, 6.5, 14], "texture": "#0"}
			}
		},
		{
			"from": [9, 4, 10.5],
			"to": [11, 9, 11.5],
			"rotation": {"angle": 0, "axis": "y", "origin": [8, 6.5, 11]},
			"faces": {
				"north": {"uv": [5.5, 11.5, 6.5, 14], "texture": "#0"},
				"east": {"uv": [5.5, 11.5, 6, 14], "texture": "#0"},
				"south": {"uv": [6.5, 11.5, 5.5, 14], "texture": "#0"},
				"west": {"uv": [6.5, 11.5, 7, 14], "texture": "#0"},
				"up": {"uv": [5.5, 11, 6.5, 11.5], "rotation": 180, "texture": "#0"},
				"down": {"uv": [5.5, 11, 6.5, 11.5], "rotation": 180, "texture": "#0"}
			}
		},
		{
			"from": [9, 4, 10.5],
			"to": [11, 9, 11.5],
			"rotation": {"angle": 45, "axis": "x", "origin": [8, 6.5, 11]},
			"faces": {
				"north": {"uv": [5.5, 11.5, 6.5, 14], "texture": "#0"},
				"east": {"uv": [5.5, 11.5, 6, 14], "texture": "#0"},
				"south": {"uv": [6.5, 11.5, 5.5, 14], "texture": "#0"},
				"west": {"uv": [6.5, 11.5, 7, 14], "texture": "#0"},
				"up": {"uv": [5.5, 11, 6.5, 11.5], "rotation": 180, "texture": "#0"},
				"down": {"uv": [5.5, 11, 6.5, 11.5], "rotation": 180, "texture": "#0"}
			}
		},
		{
			"from": [9, 6, 8.5],
			"to": [11, 7, 13.5],
			"rotation": {"angle": 0, "axis": "y", "origin": [8, 6.5, 11]},
			"faces": {
				"north": {"uv": [5.5, 11, 6.5, 11.5], "texture": "#0"},
				"east": {"uv": [5.5, 11.5, 6, 14], "rotation": 270, "texture": "#0"},
				"south": {"uv": [5.5, 11, 6.5, 11.5], "rotation": 180, "texture": "#0"},
				"west": {"uv": [6.5, 11.5, 7, 14], "rotation": 90, "texture": "#0"},
				"up": {"uv": [5.5, 11.5, 6.5, 14], "rotation": 180, "texture": "#0"},
				"down": {"uv": [6.5, 11.5, 5.5, 14], "texture": "#0"}
			}
		},
		{
			"from": [9, 6, 8.5],
			"to": [11, 7, 13.5],
			"rotation": {"angle": 45, "axis": "x", "origin": [8, 6.5, 11]},
			"faces": {
				"north": {"uv": [5.5, 11, 6.5, 11.5], "texture": "#0"},
				"east": {"uv": [5.5, 11.5, 6, 14], "rotation": 270, "texture": "#0"},
				"south": {"uv": [5.5, 11, 6.5, 11.5], "rotation": 180, "texture": "#0"},
				"west": {"uv": [6.5, 11.5, 7, 14], "rotation": 90, "texture": "#0"},
				"up": {"uv": [5.5, 11.5, 6.5, 14], "rotation": 180, "texture": "#0"},
				"down": {"uv": [6.5, 11.5, 5.5, 14], "texture": "#0"}
			}
		},
		{
			"from": [6.5, 12, 6.5],
			"to": [9.5, 13, 9.5],
			"faces": {
				"north": {"uv": [14.5, 4, 16, 4.5], "texture": "#0"},
				"east": {"uv": [14.5, 3.5, 16, 4], "texture": "#0"},
				"south": {"uv": [14.5, 3.5, 16, 4], "texture": "#0"},
				"west": {"uv": [14.5, 3, 16, 3.5], "texture": "#0"},
				"up": {"uv": [0, 0, 0, 0], "texture": "#0"},
				"down": {"uv": [0, 0, 0, 0], "texture": "#0"}
			}
		},
		{
			"from": [6, 13, 6],
			"to": [10, 16, 10],
			"faces": {
				"north": {"uv": [14, 2, 16, 3.5], "texture": "#0"},
				"east": {"uv": [14, 2, 16, 3.5], "texture": "#0"},
				"south": {"uv": [14, 2, 16, 3.5], "texture": "#0"},
				"west": {"uv": [14, 2, 16, 3.5], "texture": "#0"},
				"up": {"uv": [14, 0, 16, 2], "texture": "#0"},
				"down": {"uv": [15.5, 5, 16, 5.5], "texture": "#0"}
			}
		}
	],
	"display": {
		"thirdperson_righthand": {
			"rotation": [0, -180, 0],
			"translation": [0, -0.75, -3.5],
			"scale": [0.7, 0.7, 0.7]
		},
		"thirdperson_lefthand": {
			"rotation": [0, -180, 0],
			"translation": [0, -0.75, -3.5],
			"scale": [0.7, 0.7, 0.7]
		},
		"ground": {
			"translation": [0, 2, 0],
			"scale": [0.7, 0.7, 0.7]
		},
		"gui": {
			"rotation": [-12, 34, 0],
			"scale": [0.8, 0.8, 0.8]
		},
		"fixed": {
			"rotation": [0, -180, -45],
			"translation": [0, 0, -1.75]
		}
	},
	"groups": [
		{
			"name": "Tank",
			"origin": [0, 0, 0],
			"color": 0,
			"children": [0, 1, 2, 3, 4, 5, 6]
		},
		{
			"name": "Axle",
			"origin": [8, 8, 8],
			"color": 0,
			"children": []
		},
		{
			"name": "tinytubes",
			"origin": [9.64898, 10.11562, -9.40563],
			"color": 0,
			"children": [7, 8, 9, 10, 11, 12, 13, 14]
		}, 15, 16, 17, 18, 19, 20, 21, 22, 23, 24]
}