{
	"credit": "Made with Blockbench",
	"parent": "create:item/wrench/item",
	"textures": {
		"5": "create:item/wrench",
		"particle": "create:item/wrench"
	},
	"elements": [
		{
			"name": "Cog",
			"from": [8.5, 7, 6],
			"to": [9.5, 8, 10],
			"rotation": {"angle": 0, "axis": "y", "origin": [8.5, 7, 8]},
			"faces": {
				"north": {"uv": [10, 14, 12, 16], "texture": "#5"},
				"east": {"uv": [2, 14, 10, 16], "rotation": 180, "texture": "#5"},
				"south": {"uv": [10, 14, 12, 16], "texture": "#5"},
				"west": {"uv": [2, 14, 10, 16], "rotation": 180, "texture": "#5"},
				"up": {"uv": [2, 14, 10, 16], "rotation": 90, "texture": "#5"},
				"down": {"uv": [2, 14, 10, 16], "rotation": 90, "texture": "#5"}
			}
		},
		{
			"name": "Cog",
			"from": [8.5, 7, 6],
			"to": [9.5, 8, 10],
			"rotation": {"angle": 45, "axis": "y", "origin": [9, 7, 8]},
			"faces": {
				"north": {"uv": [10, 14, 12, 16], "texture": "#5"},
				"east": {"uv": [2, 14, 10, 16], "rotation": 180, "texture": "#5"},
				"south": {"uv": [10, 14, 12, 16], "texture": "#5"},
				"west": {"uv": [2, 14, 10, 16], "rotation": 180, "texture": "#5"},
				"up": {"uv": [2, 14, 10, 16], "rotation": 90, "texture": "#5"},
				"down": {"uv": [2, 14, 10, 16], "rotation": 90, "texture": "#5"}
			}
		},
		{
			"name": "Cog",
			"from": [7, 7, 7.5],
			"to": [11, 8, 8.5],
			"rotation": {"angle": 0, "axis": "y", "origin": [9, 7, 8]},
			"faces": {
				"north": {"uv": [2, 14, 10, 16], "rotation": 180, "texture": "#5"},
				"east": {"uv": [10, 14, 12, 16], "texture": "#5"},
				"south": {"uv": [2, 14, 10, 16], "rotation": 180, "texture": "#5"},
				"west": {"uv": [10, 14, 12, 16], "texture": "#5"},
				"up": {"uv": [2, 14, 10, 16], "texture": "#5"},
				"down": {"uv": [2, 14, 10, 16], "rotation": 180, "texture": "#5"}
			}
		},
		{
			"name": "Cog",
			"from": [7, 7, 7.5],
			"to": [11, 8, 8.5],
			"rotation": {"angle": 45, "axis": "y", "origin": [9, 7, 8]},
			"faces": {
				"north": {"uv": [2, 14, 10, 16], "rotation": 180, "texture": "#5"},
				"east": {"uv": [10, 14, 12, 16], "texture": "#5"},
				"south": {"uv": [2, 14, 10, 16], "rotation": 180, "texture": "#5"},
				"west": {"uv": [10, 14, 12, 16], "texture": "#5"},
				"up": {"uv": [2, 14, 10, 16], "texture": "#5"},
				"down": {"uv": [2, 14, 10, 16], "rotation": 180, "texture": "#5"}
			}
		}
	]
}