{
	"credit": "Made with Blockbench :)",
	"parent": "create:item/extendo_grip/item",
	"texture_size": [32, 32],
	"textures": {
		"1": "create:block/cogwheel",
		"particle": "create:block/cogwheel"
	},
	"elements": [
		{
			"name": "Cog",
			"from": [5.9, 6.9, 2.4],
			"to": [10.1, 11.1, 5.6],
			"rotation": {"angle": 0, "axis": "y", "origin": [8, 9, 4]},
			"faces": {
				"north": {"uv": [1, 1, 3, 3], "texture": "#1"},
				"east": {"uv": [1, 3.5, 2.5, 5.5], "texture": "#1"},
				"south": {"uv": [1, 1, 3, 3], "texture": "#1"},
				"west": {"uv": [1, 3.5, 2.5, 5.5], "texture": "#1"},
				"up": {"uv": [2.5, 4, 4.5, 5.5], "rotation": 180, "texture": "#1"},
				"down": {"uv": [2.5, 4, 4.5, 5.5], "rotation": 180, "texture": "#1"}
			}
		},
		{
			"name": "Cog",
			"from": [7, 5, 3],
			"to": [9, 13, 5],
			"rotation": {"angle": 0, "axis": "y", "origin": [8, 9, 4]},
			"faces": {
				"north": {"uv": [14.5, 0, 15.5, 4], "texture": "#1"},
				"east": {"uv": [14.5, 0, 15.5, 4], "texture": "#1"},
				"south": {"uv": [14.5, 0, 15.5, 4], "texture": "#1"},
				"west": {"uv": [14.5, 0, 15.5, 4], "texture": "#1"},
				"up": {"uv": [14.5, 1, 15.5, 2], "rotation": 180, "texture": "#1"},
				"down": {"uv": [15, 3, 16, 4], "rotation": 180, "texture": "#1"}
			}
		},
		{
			"name": "Cog",
			"from": [7, 5, 3],
			"to": [9, 13, 5],
			"rotation": {"angle": 45, "axis": "z", "origin": [8, 9, 4]},
			"faces": {
				"north": {"uv": [14.5, 0, 15.5, 4], "texture": "#1"},
				"east": {"uv": [14.5, 0, 15.5, 4], "texture": "#1"},
				"south": {"uv": [14.5, 0, 15.5, 4], "texture": "#1"},
				"west": {"uv": [14.5, 0, 15.5, 4], "texture": "#1"},
				"up": {"uv": [14.5, 1, 15.5, 2], "rotation": 180, "texture": "#1"},
				"down": {"uv": [15, 3, 16, 4], "rotation": 180, "texture": "#1"}
			}
		},
		{
			"name": "Cog",
			"from": [4, 8, 3],
			"to": [12, 10, 5],
			"rotation": {"angle": 0, "axis": "z", "origin": [8, 9, 4]},
			"faces": {
				"north": {"uv": [14.5, 0, 15.5, 4], "rotation": 90, "texture": "#1"},
				"east": {"uv": [15, 3, 16, 4], "rotation": 90, "texture": "#1"},
				"south": {"uv": [14.5, 0, 15.5, 4], "rotation": 270, "texture": "#1"},
				"west": {"uv": [14.5, 1, 15.5, 2], "rotation": 90, "texture": "#1"},
				"up": {"uv": [14.5, 0, 15.5, 4], "rotation": 270, "texture": "#1"},
				"down": {"uv": [14.5, 0, 15.5, 4], "rotation": 270, "texture": "#1"}
			}
		},
		{
			"name": "Cog",
			"from": [4, 8, 3],
			"to": [12, 10, 5],
			"rotation": {"angle": 45, "axis": "z", "origin": [8, 9, 4]},
			"faces": {
				"north": {"uv": [14.5, 0, 15.5, 4], "rotation": 90, "texture": "#1"},
				"east": {"uv": [15, 3, 16, 4], "rotation": 90, "texture": "#1"},
				"south": {"uv": [14.5, 0, 15.5, 4], "rotation": 270, "texture": "#1"},
				"west": {"uv": [14.5, 1, 15.5, 2], "rotation": 90, "texture": "#1"},
				"up": {"uv": [14.5, 0, 15.5, 4], "rotation": 270, "texture": "#1"},
				"down": {"uv": [14.5, 0, 15.5, 4], "rotation": 270, "texture": "#1"}
			}
		}
	]
}