{
	"credit": "Made with Blockbench",
	"parent": "create:item/potato_cannon/item",
	"texture_size": [32, 32],
	"textures": {
		"1": "create:item/potato_cannon",
		"2": "block/light_blue_stained_glass"
	},
	"elements": [
		{
			"name": "Cog",
			"from": [5.5, 8, 6.5],
			"to": [10.5, 9, 9.5],
			"rotation": {"angle": 0, "axis": "z", "origin": [8, 8.5, 7.5]},
			"faces": {
				"north": {"uv": [6.5, 9.75, 9, 10], "texture": "#1"},
				"east": {"uv": [8.75, 10, 9, 8.5], "rotation": 90, "texture": "#1"},
				"south": {"uv": [6.5, 8.5, 9, 8.75], "texture": "#1"},
				"west": {"uv": [8.75, 8.5, 9, 10], "rotation": 90, "texture": "#1"},
				"up": {"uv": [6.5, 8.5, 9, 10], "rotation": 180, "texture": "#1"},
				"down": {"uv": [6.5, 8.5, 9, 10], "texture": "#1"}
			}
		},
		{
			"name": "Cog",
			"from": [7.5, 6, 6.5],
			"to": [8.5, 11, 9.5],
			"rotation": {"angle": 0, "axis": "z", "origin": [8, 8.5, 7.5]},
			"faces": {
				"north": {"uv": [6.5, 9.75, 9, 10], "rotation": 90, "texture": "#1"},
				"east": {"uv": [6.5, 8.5, 9, 10], "rotation": 270, "texture": "#1"},
				"south": {"uv": [6.5, 8.5, 9, 8.75], "rotation": 270, "texture": "#1"},
				"west": {"uv": [6.5, 8.5, 9, 10], "rotation": 90, "texture": "#1"},
				"up": {"uv": [8.75, 10, 9, 8.5], "texture": "#1"},
				"down": {"uv": [8.75, 8.5, 9, 10], "texture": "#1"}
			}
		},
		{
			"name": "Cog",
			"from": [7.45, 5.95, 8.875],
			"to": [8.55, 11.05, 9.475],
			"rotation": {"angle": 0, "axis": "z", "origin": [8, 8.5, 9.175]},
			"faces": {
				"north": {"uv": [6.5, 8.5, 9, 8.75], "rotation": 90, "texture": "#1"},
				"east": {"uv": [6.5, 8.5, 9, 8.75], "rotation": 270, "texture": "#1"},
				"south": {"uv": [6.5, 8.5, 9, 8.75], "rotation": 270, "texture": "#1"},
				"west": {"uv": [6.5, 8.5, 9, 8.75], "rotation": 90, "texture": "#1"},
				"up": {"uv": [8.75, 8.75, 9, 8.5], "texture": "#1"},
				"down": {"uv": [6.5, 8.5, 6.75, 8.75], "texture": "#1"}
			}
		},
		{
			"name": "Cog",
			"from": [7.45, 5.95, 6.525],
			"to": [8.55, 11.05, 7.125],
			"rotation": {"angle": 0, "axis": "z", "origin": [8, 8.5, 9.175]},
			"faces": {
				"north": {"uv": [6.5, 9.75, 9, 10], "rotation": 270, "texture": "#1"},
				"east": {"uv": [6.5, 9.75, 9, 10], "rotation": 270, "texture": "#1"},
				"south": {"uv": [6.5, 9.75, 9, 10], "rotation": 270, "texture": "#1"},
				"west": {"uv": [6.5, 9.75, 9, 10], "rotation": 90, "texture": "#1"},
				"up": {"uv": [8.75, 10, 9, 9.75], "texture": "#1"},
				"down": {"uv": [6.5, 10, 6.75, 9.75], "texture": "#1"}
			}
		},
		{
			"name": "Cog",
			"from": [7.45, 5.95, 6.525],
			"to": [8.55, 11.05, 7.125],
			"rotation": {"angle": 45, "axis": "z", "origin": [8, 8.5, 9.175]},
			"faces": {
				"north": {"uv": [6.5, 9.75, 9, 10], "rotation": 270, "texture": "#1"},
				"east": {"uv": [6.5, 9.75, 9, 10], "rotation": 270, "texture": "#1"},
				"south": {"uv": [6.5, 9.75, 9, 10], "rotation": 270, "texture": "#1"},
				"west": {"uv": [6.5, 9.75, 9, 10], "rotation": 90, "texture": "#1"},
				"up": {"uv": [8.75, 10, 9, 9.75], "texture": "#1"},
				"down": {"uv": [6.5, 10, 6.75, 9.75], "texture": "#1"}
			}
		},
		{
			"name": "Cog",
			"from": [5.45, 7.95, 6.525],
			"to": [10.55, 9.05, 7.125],
			"rotation": {"angle": 45, "axis": "z", "origin": [8, 8.5, 9.175]},
			"faces": {
				"north": {"uv": [6.5, 9.75, 9, 10], "texture": "#1"},
				"east": {"uv": [6.5, 10, 6.75, 9.75], "rotation": 270, "texture": "#1"},
				"south": {"uv": [6.5, 9.75, 9, 10], "rotation": 180, "texture": "#1"},
				"west": {"uv": [8.75, 10, 9, 9.75], "rotation": 270, "texture": "#1"},
				"up": {"uv": [6.5, 9.75, 9, 10], "rotation": 180, "texture": "#1"},
				"down": {"uv": [6.5, 9.75, 9, 10], "texture": "#1"}
			}
		},
		{
			"name": "Cog",
			"from": [5.45, 7.95, 6.525],
			"to": [10.55, 9.05, 7.125],
			"rotation": {"angle": 0, "axis": "z", "origin": [8, 8.5, 9.175]},
			"faces": {
				"north": {"uv": [6.5, 9.75, 9, 10], "texture": "#1"},
				"east": {"uv": [6.5, 10, 6.75, 9.75], "rotation": 270, "texture": "#1"},
				"south": {"uv": [6.5, 9.75, 9, 10], "rotation": 180, "texture": "#1"},
				"west": {"uv": [8.75, 10, 9, 9.75], "rotation": 270, "texture": "#1"},
				"up": {"uv": [6.5, 9.75, 9, 10], "rotation": 180, "texture": "#1"},
				"down": {"uv": [6.5, 9.75, 9, 10], "texture": "#1"}
			}
		},
		{
			"name": "Cog",
			"from": [7.45, 5.95, 8.875],
			"to": [8.55, 11.05, 9.475],
			"rotation": {"angle": -45, "axis": "z", "origin": [8, 8.5, 9.175]},
			"faces": {
				"north": {"uv": [6.5, 8.5, 9, 8.75], "rotation": 90, "texture": "#1"},
				"east": {"uv": [6.5, 8.5, 9, 8.75], "rotation": 270, "texture": "#1"},
				"south": {"uv": [6.5, 8.5, 9, 8.75], "rotation": 270, "texture": "#1"},
				"west": {"uv": [6.5, 8.5, 9, 8.75], "rotation": 90, "texture": "#1"},
				"up": {"uv": [8.75, 8.75, 9, 8.5], "texture": "#1"},
				"down": {"uv": [6.5, 8.5, 6.75, 8.75], "texture": "#1"}
			}
		},
		{
			"name": "Cog",
			"from": [5.45, 7.95, 8.875],
			"to": [10.55, 9.05, 9.475],
			"rotation": {"angle": -45, "axis": "z", "origin": [8, 8.5, 9.175]},
			"faces": {
				"north": {"uv": [6.5, 8.5, 9, 8.75], "texture": "#1"},
				"east": {"uv": [8.75, 8.75, 9, 8.5], "rotation": 90, "texture": "#1"},
				"south": {"uv": [6.5, 8.5, 9, 8.75], "texture": "#1"},
				"west": {"uv": [6.5, 8.5, 6.75, 8.75], "rotation": 90, "texture": "#1"},
				"up": {"uv": [6.5, 8.5, 9, 8.75], "rotation": 180, "texture": "#1"},
				"down": {"uv": [6.5, 8.5, 9, 8.75], "texture": "#1"}
			}
		},
		{
			"name": "Cog",
			"from": [5.45, 7.95, 8.875],
			"to": [10.55, 9.05, 9.475],
			"rotation": {"angle": 0, "axis": "z", "origin": [8, 8.5, 9.175]},
			"faces": {
				"north": {"uv": [6.5, 8.5, 9, 8.75], "texture": "#1"},
				"east": {"uv": [8.75, 8.75, 9, 8.5], "rotation": 90, "texture": "#1"},
				"south": {"uv": [6.5, 8.5, 9, 8.75], "texture": "#1"},
				"west": {"uv": [6.5, 8.5, 6.75, 8.75], "rotation": 90, "texture": "#1"},
				"up": {"uv": [6.5, 8.5, 9, 8.75], "rotation": 180, "texture": "#1"},
				"down": {"uv": [6.5, 8.5, 9, 8.75], "texture": "#1"}
			}
		},
		{
			"name": "Cog",
			"from": [7.5, 6, 6.5],
			"to": [8.5, 11, 9.5],
			"rotation": {"angle": 45, "axis": "z", "origin": [8, 8.5, 7.5]},
			"faces": {
				"north": {"uv": [6.5, 9.75, 9, 10], "rotation": 90, "texture": "#1"},
				"east": {"uv": [6.5, 8.5, 9, 10], "rotation": 270, "texture": "#1"},
				"south": {"uv": [6.5, 8.5, 9, 8.75], "rotation": 270, "texture": "#1"},
				"west": {"uv": [6.5, 8.5, 9, 10], "rotation": 90, "texture": "#1"},
				"up": {"uv": [8.75, 10, 9, 8.5], "texture": "#1"},
				"down": {"uv": [8.75, 8.5, 9, 10], "texture": "#1"}
			}
		},
		{
			"name": "Cog",
			"from": [5.5, 8, 6.5],
			"to": [10.5, 9, 9.5],
			"rotation": {"angle": 45, "axis": "z", "origin": [8, 8.5, 7.5]},
			"faces": {
				"north": {"uv": [6.5, 9.75, 9, 10], "texture": "#1"},
				"east": {"uv": [8.75, 10, 9, 8.5], "rotation": 90, "texture": "#1"},
				"south": {"uv": [6.5, 8.5, 9, 8.75], "texture": "#1"},
				"west": {"uv": [8.75, 8.5, 9, 10], "rotation": 90, "texture": "#1"},
				"up": {"uv": [6.5, 8.5, 9, 10], "rotation": 180, "texture": "#1"},
				"down": {"uv": [6.5, 8.5, 9, 10], "texture": "#1"}
			}
		},
		{
			"from": [6.5, 7, 7],
			"to": [9.5, 10, 9],
			"faces": {
				"north": {"uv": [3.25, 2.5, 6.25, 5.5], "texture": "#2"},
				"east": {"uv": [0.75, 0.75, 2.75, 3.75], "texture": "#2"},
				"south": {"uv": [3.25, 2.5, 6.25, 5.5], "texture": "#2"},
				"west": {"uv": [0.75, 0.75, 2.75, 3.75], "texture": "#2"},
				"up": {"uv": [1.25, 1, 4.25, 3], "texture": "#2"},
				"down": {"uv": [1.25, 1, 4.25, 3], "texture": "#2"}
			}
		},
		{
			"from": [6.5, 7, 7],
			"to": [9.5, 10, 9],
			"rotation": {"angle": -45, "axis": "z", "origin": [8, 8.5, 8]},
			"faces": {
				"north": {"uv": [3.25, 2.5, 6.25, 5.5], "texture": "#2"},
				"east": {"uv": [0.75, 0.75, 2.75, 3.75], "texture": "#2"},
				"south": {"uv": [3.25, 2.5, 6.25, 5.5], "texture": "#2"},
				"west": {"uv": [0.75, 0.75, 2.75, 3.75], "texture": "#2"},
				"up": {"uv": [1.25, 1, 4.25, 3], "texture": "#2"},
				"down": {"uv": [1.25, 1, 4.25, 3], "texture": "#2"}
			}
		}
	],
	"display": {
		"thirdperson_righthand": {
			"translation": [0, 1.75, 0]
		},
		"thirdperson_lefthand": {
			"translation": [0, 1.75, 0]
		},
		"firstperson_righthand": {
			"rotation": [5, 4, 5],
			"translation": [0.25, 4, 0.75]
		},
		"firstperson_lefthand": {
			"rotation": [5, 4, 5],
			"translation": [0.25, 4, 0.75]
		},
		"ground": {
			"rotation": [0, 0, -90],
			"translation": [0, -1.3, 0],
			"scale": [0.76914, 0.76914, 0.76914]
		},
		"gui": {
			"rotation": [64, 47, -47],
			"translation": [0.5, 0, 0],
			"scale": [0.86, 0.86, 0.86]
		},
		"head": {
			"translation": [0, 8, 0],
			"scale": [1.4, 1.4, 1.4]
		},
		"fixed": {
			"rotation": [-5, -90, 0],
			"translation": [0.5, 0.5, -1.5],
			"scale": [0.72, 0.72, 0.72]
		}
	},
	"groups": [
		{
			"name": "cog",
			"origin": [8, 8, 8],
			"color": 0,
			"children": [
				{
					"name": "accelerator",
					"origin": [8, 8, 8],
					"color": 0,
					"children": [0, 1, 2, 3, 4, 5, 6, 7, 8, 9, 10, 11]
				}
			]
		}, 12, 13]
}