{
	"credit": "Made with Blockbench",
	
	"texture_size": [32, 32],
	"textures": {
		"1": "create:item/potato_cannon",
		"3": "create:item/nixie/nixie1",
		"4": "create:item/nixie/nixie4",
		"5": "create:item/nixie/nixiek",
		"6": "create:item/nixie/nixiec",
		"7": "create:item/nixie/nixiei",
		"9": "create:item/nixie/nixier",
		"10": "create:item/nixie/nixiet",
		"11": "create:item/nixie/nixieo",
		"particle": "create:block/copper_casing"
	},
	"elements": [
		{
			"from": [6.5, 7, -1.5],
			"to": [9.5, 10, 6.5],
			"rotation": {"angle": 0, "axis": "y", "origin": [7, 7.6, 11]},
			"faces": {
				"north": {"uv": [7.5, 1, 9.5, 4], "texture": "#missing"},
				"east": {"uv": [4, 2, 0, 3.5], "texture": "#1"},
				"south": {"uv": [10, 6, 11.5, 7.5], "texture": "#1"},
				"west": {"uv": [0, 2, 4, 3.5], "texture": "#1"},
				"up": {"uv": [0, 0, 4, 1.5], "rotation": 90, "texture": "#1"},
				"down": {"uv": [0, 4, 4, 5.5], "rotation": 270, "texture": "#1"}
			}
		},
		{
			"from": [6, 6.5, -2.5],
			"to": [10, 10.5, -1.5],
			"rotation": {"angle": 0, "axis": "y", "origin": [7, 7.6, 11]},
			"faces": {
				"north": {"uv": [4, 0.5, 6, 2.5], "texture": "#1"},
				"east": {"uv": [6.25, 0.5, 5.75, 2.5], "texture": "#1"},
				"south": {"uv": [4, 3.5, 6, 5.5], "texture": "#1"},
				"west": {"uv": [5.75, 0.5, 6.25, 2.5], "texture": "#1"},
				"up": {"uv": [4, 0.75, 6, 0.25], "texture": "#1"},
				"down": {"uv": [4, 2.75, 6, 2.25], "texture": "#1"}
			}
		},
		{
			"from": [6.5, 7, 9.5],
			"to": [9.5, 10, 10.5],
			"rotation": {"angle": 0, "axis": "y", "origin": [8, 7.6, 11]},
			"faces": {
				"north": {"uv": [0, 6, 1.5, 7.5], "texture": "#1"},
				"east": {"uv": [4, 2, 3.5, 3.5], "texture": "#1"},
				"west": {"uv": [3.5, 2, 4, 3.5], "texture": "#1"},
				"up": {"uv": [3.5, 0, 4, 1.5], "rotation": 90, "texture": "#1"},
				"down": {"uv": [3.5, 4, 4, 5.5], "texture": "#1"}
			}
		},
		{
			"from": [6, 7, 10.5],
			"to": [10, 11, 15.5],
			"rotation": {"angle": 0, "axis": "y", "origin": [8, 9.6, 11]},
			"faces": {
				"north": {"uv": [10, 3.5, 12, 5.5], "texture": "#1"},
				"east": {"uv": [9.5, 1, 7, 3], "texture": "#1"},
				"south": {"uv": [10, 1, 12, 3], "texture": "#1"},
				"west": {"uv": [7, 1, 9.5, 3], "texture": "#1"},
				"up": {"uv": [7, 3.5, 9.5, 5.5], "rotation": 90, "texture": "#1"},
				"down": {"uv": [7, 6, 9.5, 8], "rotation": 270, "texture": "#1"}
			}
		},
		{
			"from": [7, 4, 14.5],
			"to": [9, 6, 15.5],
			"rotation": {"angle": 45, "axis": "z", "origin": [8, 9, 17.75]},
			"faces": {
				"north": {"uv": [13, 13, 15, 15], "texture": "#missing"},
				"east": {"uv": [0.5, 10, 1, 11], "texture": "#1"},
				"west": {"uv": [0.5, 10, 1, 11], "texture": "#1"},
				"up": {"uv": [0.5, 10, 1, 10.25], "rotation": 90, "texture": "#1"},
				"down": {"uv": [1.5, 10.75, 2.5, 11], "rotation": 90, "texture": "#1"}
			}
		},
		{
			"from": [9.32843, 4.67157, 8.5],
			"to": [12.32843, 7.67157, 14.5],
			"rotation": {"angle": 0, "axis": "z", "origin": [8, 9, 17.75]},
			"faces": {
				"north": {"uv": [3, 6, 4.5, 7.5], "rotation": 90, "texture": "#1"},
				"east": {"uv": [6, 9.25, 3, 10.75], "texture": "#1"},
				"south": {"uv": [5, 6, 6.5, 7.5], "texture": "#1"},
				"west": {"uv": [3, 8, 6, 9.5], "texture": "#1"},
				"up": {"uv": [3, 9.5, 6, 8], "rotation": 90, "texture": "#1"},
				"down": {"uv": [6, 10.75, 3, 9.25], "rotation": 90, "texture": "#1"}
			}
		},
		{
			"from": [9.82843, 5.17157, 7.5],
			"to": [11.82843, 7.17157, 8.5],
			"rotation": {"angle": 0, "axis": "z", "origin": [8, 9, 17.75]},
			"faces": {
				"north": {"uv": [3.25, 6.25, 4.25, 7.25], "rotation": 90, "texture": "#1"},
				"east": {"uv": [3.5, 6.25, 3, 7.25], "rotation": 180, "texture": "#1"},
				"west": {"uv": [4, 6.25, 4.5, 7.25], "texture": "#1"},
				"up": {"uv": [3.25, 6.5, 4.25, 6], "texture": "#1"},
				"down": {"uv": [4.25, 7.5, 3.25, 7], "texture": "#1"}
			}
		},
		{
			"from": [7, 4, 15.5],
			"to": [9, 10, 17.5],
			"rotation": {"angle": 45, "axis": "z", "origin": [8, 9, 17.75]},
			"faces": {
				"north": {"uv": [1.25, 8, 0.25, 11], "texture": "#1"},
				"east": {"uv": [2, 8, 1, 11], "texture": "#1"},
				"south": {"uv": [3, 8, 2, 11], "texture": "#1"},
				"west": {"uv": [1, 8, 2, 11], "texture": "#1"},
				"up": {"uv": [2, 7, 3, 8], "texture": "#1"},
				"down": {"uv": [1.5, 10.75, 2.5, 11], "rotation": 90, "texture": "#1"}
			}
		},
		{
			"name": "tube1",
			"from": [7, 11.667, 12.75],
			"to": [9, 14.667, 14.75],
			"rotation": {"angle": 0, "axis": "y", "origin": [8.5, 11.667, 11.5]},
			"faces": {
				"north": {"uv": [13, 0, 14.5, 2.25], "texture": "#1"},
				"east": {"uv": [13, 0, 14.5, 2.25], "texture": "#1"},
				"south": {"uv": [13, 0, 14.5, 2.25], "texture": "#1"},
				"west": {"uv": [13, 0, 14.5, 2.25], "texture": "#1"},
				"up": {"uv": [14.5, 0, 16, 1.5], "texture": "#1"}
			}
		},
		{
			"name": "connector1",
			"from": [7, 11, 12.75],
			"to": [9, 11.667, 14.75],
			"rotation": {"angle": 0, "axis": "y", "origin": [8.5, 11, 11.5]},
			"faces": {
				"north": {"uv": [13, 2.25, 14.5, 2.75], "texture": "#1"},
				"east": {"uv": [13, 2.25, 14.5, 2.75], "texture": "#1"},
				"south": {"uv": [13, 2.25, 14.5, 2.75], "texture": "#1"},
				"west": {"uv": [13, 2.25, 14.5, 2.75], "texture": "#1"},
				"up": {"uv": [14.5, 1.5, 16, 3], "texture": "#1"}
			}
		},
		{
			"name": "tube2",
			"from": [7, 11.2785, 10.04688],
			"to": [9, 14.2785, 12.04688],
			"rotation": {"angle": -22.5, "axis": "x", "origin": [8, 11.86175, 11.04688]},
			"faces": {
				"north": {"uv": [13, 0, 14.5, 2.25], "texture": "#1"},
				"east": {"uv": [13, 0, 14.5, 2.25], "texture": "#1"},
				"south": {"uv": [13, 0, 14.5, 2.25], "texture": "#1"},
				"west": {"uv": [13, 0, 14.5, 2.25], "texture": "#1"},
				"up": {"uv": [14.5, 0, 16, 1.5], "texture": "#1"}
			}
		},
		{
			"name": "connector2",
			"from": [7, 10.68445, 12.08773],
			"to": [9, 11.68445, 14.08773],
			"rotation": {"angle": -22.5, "axis": "x", "origin": [8, 6.9347, 13.08773]},
			"faces": {
				"north": {"uv": [13, 2.25, 14.5, 3], "texture": "#1"},
				"east": {"uv": [13, 2.25, 14.5, 3], "texture": "#1"},
				"south": {"uv": [13, 2.25, 14.5, 3], "texture": "#1"},
				"west": {"uv": [13, 2.25, 14.5, 3], "texture": "#1"},
				"up": {"uv": [14.5, 1.5, 16, 3], "texture": "#1"}
			}
		},
		{
			"name": "1",
			"from": [8, 11.917, 10.4],
			"to": [8, 14.167, 12.65],
			"rotation": {"angle": -22.5, "axis": "x", "origin": [8, 10.917, 12.25]},
			"faces": {
				"east": {"uv": [16, 0, 0, 16], "texture": "#3"},
				"west": {"uv": [0, 0, 16, 16], "texture": "#3"}
			}
		},
		{
			"name": "4",
			"from": [8, 11.917, 12.65],
			"to": [8, 14.167, 14.9],
			"rotation": {"angle": 0, "axis": "y", "origin": [8.5, 11.667, 11.5]},
			"faces": {
				"east": {"uv": [16, 0, 0, 16], "texture": "#4"},
				"west": {"uv": [0, 0, 16, 16], "texture": "#4"}
			}
		},
		{
			"name": "5",
			"from": [10.3, 9.767, 4.45],
			"to": [10.3, 10.3295, 5.0125],
			"rotation": {"angle": -45, "axis": "z", "origin": [10.25, 10.792, 5.775]},
			"faces": {
				"east": {"uv": [16, 0, 0, 16], "texture": "#10"},
				"west": {"uv": [0, 0, 16, 16], "texture": "#10"}
			}
		},
		{
			"name": "6",
			"from": [10.3, 9.767, 3.45],
			"to": [10.3, 10.3295, 4.0125],
			"rotation": {"angle": -45, "axis": "z", "origin": [10.25, 10.792, 5.775]},
			"faces": {
				"east": {"uv": [16, 0, 0, 16], "texture": "#7"},
				"west": {"uv": [0, 0, 16, 16], "texture": "#7"}
			}
		},
		{
			"name": "7",
			"from": [10.3, 9.767, 2.45],
			"to": [10.3, 10.3295, 3.0125],
			"rotation": {"angle": -45, "axis": "z", "origin": [10.25, 10.792, 5.775]},
			"faces": {
				"east": {"uv": [16, 0, 0, 16], "texture": "#5"},
				"west": {"uv": [0, 0, 16, 16], "texture": "#5"}
			}
		},
		{
			"name": "8",
			"from": [10.3, 9.767, 1.45],
			"to": [10.3, 10.3295, 2.0125],
			"rotation": {"angle": -45, "axis": "z", "origin": [10.25, 10.792, 5.775]},
			"faces": {
				"east": {"uv": [16, 0, 0, 16], "texture": "#6"},
				"west": {"uv": [0, 0, 16, 16], "texture": "#6"}
			}
		},
		{
			"name": "9",
			"from": [10.3, 9.767, 0.45],
			"to": [10.3, 10.3295, 1.0125],
			"rotation": {"angle": -45, "axis": "z", "origin": [10.25, 10.792, 5.775]},
			"faces": {
				"east": {"uv": [16, 0, 0, 16], "texture": "#11"},
				"west": {"uv": [0, 0, 16, 16], "texture": "#11"}
			}
		},
		{
			"name": "10",
			"from": [10.3, 9.767, -0.55],
			"to": [10.3, 10.3295, 0.0125],
			"rotation": {"angle": -45, "axis": "z", "origin": [10.25, 10.792, 5.775]},
			"faces": {
				"east": {"uv": [16, 0, 0, 16], "texture": "#9"},
				"west": {"uv": [0, 0, 16, 16], "texture": "#9"}
			}
		},
		{
			"name": "tube4",
			"from": [9.56789, 9.31789, 5.5],
			"to": [10.06789, 10.06789, 6],
			"rotation": {"angle": -45, "axis": "z", "origin": [10.5, 10, 6]},
			"faces": {
				"north": {"uv": [13.5, 1.5, 14, 2.25], "texture": "#1"},
				"east": {"uv": [13.5, 1.5, 14, 2.25], "texture": "#1"},
				"south": {"uv": [13.5, 1.5, 14, 2.25], "texture": "#1"},
				"west": {"uv": [13.5, 1.5, 14, 2.25], "texture": "#1"},
				"up": {"uv": [15, 0.5, 15.5, 1], "texture": "#1"}
			}
		},
		{
			"name": "connector4",
			"from": [9.275, 9.65, 5.5],
			"to": [9.775, 10.025, 6],
			"rotation": {"angle": -45, "axis": "z", "origin": [9.5, 10, 6]},
			"faces": {
				"north": {"uv": [13.25, 2.25, 13.5, 2.5], "texture": "#1"},
				"east": {"uv": [13.5, 2.25, 13.75, 2.5], "texture": "#1"},
				"south": {"uv": [13.25, 2.25, 13.5, 2.5], "texture": "#1"},
				"west": {"uv": [13.25, 2.25, 13.5, 2.5], "texture": "#1"},
				"up": {"uv": [14.75, 1.75, 15, 2], "texture": "#1"}
			}
		},
		{
			"name": "tube5",
			"from": [9.56789, 9.31789, 4.5],
			"to": [10.06789, 10.06789, 5],
			"rotation": {"angle": -45, "axis": "z", "origin": [10.5, 10, 6]},
			"faces": {
				"north": {"uv": [13.5, 1.5, 14, 2.25], "texture": "#1"},
				"east": {"uv": [13.5, 1.5, 14, 2.25], "texture": "#1"},
				"south": {"uv": [13.5, 1.5, 14, 2.25], "texture": "#1"},
				"west": {"uv": [13.5, 1.5, 14, 2.25], "texture": "#1"},
				"up": {"uv": [15, 0.5, 15.5, 1], "texture": "#1"}
			}
		},
		{
			"name": "connector5",
			"from": [9.275, 9.65, 4.5],
			"to": [9.775, 10.025, 5],
			"rotation": {"angle": -45, "axis": "z", "origin": [9.5, 10, 6]},
			"faces": {
				"north": {"uv": [13.25, 2.25, 13.5, 2.5], "texture": "#1"},
				"east": {"uv": [13.5, 2.25, 13.75, 2.5], "texture": "#1"},
				"south": {"uv": [13.25, 2.25, 13.5, 2.5], "texture": "#1"},
				"west": {"uv": [13.25, 2.25, 13.5, 2.5], "texture": "#1"},
				"up": {"uv": [14.75, 1.75, 15, 2], "texture": "#1"}
			}
		},
		{
			"name": "tube6",
			"from": [9.56789, 9.31789, 3.5],
			"to": [10.06789, 10.06789, 4],
			"rotation": {"angle": -45, "axis": "z", "origin": [10.5, 10, 6]},
			"faces": {
				"north": {"uv": [13.5, 1.5, 14, 2.25], "texture": "#1"},
				"east": {"uv": [13.5, 1.5, 14, 2.25], "texture": "#1"},
				"south": {"uv": [13.5, 1.5, 14, 2.25], "texture": "#1"},
				"west": {"uv": [13.5, 1.5, 14, 2.25], "texture": "#1"},
				"up": {"uv": [15, 0.5, 15.5, 1], "texture": "#1"}
			}
		},
		{
			"name": "connector6",
			"from": [9.275, 9.65, 3.5],
			"to": [9.775, 10.025, 4],
			"rotation": {"angle": -45, "axis": "z", "origin": [9.5, 10, 6]},
			"faces": {
				"north": {"uv": [13.25, 2.25, 13.5, 2.5], "texture": "#1"},
				"east": {"uv": [13.5, 2.25, 13.75, 2.5], "texture": "#1"},
				"south": {"uv": [13.25, 2.25, 13.5, 2.5], "texture": "#1"},
				"west": {"uv": [13.25, 2.25, 13.5, 2.5], "texture": "#1"},
				"up": {"uv": [14.75, 1.75, 15, 2], "texture": "#1"}
			}
		},
		{
			"name": "tube7",
			"from": [9.56789, 9.31789, 0.5],
			"to": [10.06789, 10.06789, 1],
			"rotation": {"angle": -45, "axis": "z", "origin": [10.5, 10, 6]},
			"faces": {
				"north": {"uv": [13.5, 1.5, 14, 2.25], "texture": "#1"},
				"east": {"uv": [13.5, 1.5, 14, 2.25], "texture": "#1"},
				"south": {"uv": [13.5, 1.5, 14, 2.25], "texture": "#1"},
				"west": {"uv": [13.5, 1.5, 14, 2.25], "texture": "#1"},
				"up": {"uv": [15, 0.5, 15.5, 1], "texture": "#1"}
			}
		},
		{
			"name": "connector7",
			"from": [9.275, 9.65, 0.5],
			"to": [9.775, 10.025, 1],
			"rotation": {"angle": -45, "axis": "z", "origin": [9.5, 10, 6]},
			"faces": {
				"north": {"uv": [13.25, 2.25, 13.5, 2.5], "texture": "#1"},
				"east": {"uv": [13.5, 2.25, 13.75, 2.5], "texture": "#1"},
				"south": {"uv": [13.25, 2.25, 13.5, 2.5], "texture": "#1"},
				"west": {"uv": [13.25, 2.25, 13.5, 2.5], "texture": "#1"},
				"up": {"uv": [14.75, 1.75, 15, 2], "texture": "#1"}
			}
		},
		{
			"name": "tube8",
			"from": [9.56789, 9.31789, -0.5],
			"to": [10.06789, 10.06789, 0],
			"rotation": {"angle": -45, "axis": "z", "origin": [10.5, 10, 6]},
			"faces": {
				"north": {"uv": [13.5, 1.5, 14, 2.25], "texture": "#1"},
				"east": {"uv": [13.5, 1.5, 14, 2.25], "texture": "#1"},
				"south": {"uv": [13.5, 1.5, 14, 2.25], "texture": "#1"},
				"west": {"uv": [13.5, 1.5, 14, 2.25], "texture": "#1"},
				"up": {"uv": [15, 0.5, 15.5, 1], "texture": "#1"}
			}
		},
		{
			"name": "connector8",
			"from": [9.275, 9.65, -0.5],
			"to": [9.775, 10.025, 0],
			"rotation": {"angle": -45, "axis": "z", "origin": [9.5, 10, 6]},
			"faces": {
				"north": {"uv": [13.25, 2.25, 13.5, 2.5], "texture": "#1"},
				"east": {"uv": [13.5, 2.25, 13.75, 2.5], "texture": "#1"},
				"south": {"uv": [13.25, 2.25, 13.5, 2.5], "texture": "#1"},
				"west": {"uv": [13.25, 2.25, 13.5, 2.5], "texture": "#1"},
				"up": {"uv": [14.75, 1.75, 15, 2], "texture": "#1"}
			}
		},
		{
			"name": "tube6",
			"from": [9.56789, 9.31789, 1.5],
			"to": [10.06789, 10.06789, 2],
			"rotation": {"angle": -45, "axis": "z", "origin": [10.5, 10, 6]},
			"faces": {
				"north": {"uv": [13.5, 1.5, 14, 2.25], "texture": "#1"},
				"east": {"uv": [13.5, 1.5, 14, 2.25], "texture": "#1"},
				"south": {"uv": [13.5, 1.5, 14, 2.25], "texture": "#1"},
				"west": {"uv": [13.5, 1.5, 14, 2.25], "texture": "#1"},
				"up": {"uv": [15, 0.5, 15.5, 1], "texture": "#1"}
			}
		},
		{
			"name": "connector6",
			"from": [9.275, 9.65, 1.5],
			"to": [9.775, 10.025, 2],
			"rotation": {"angle": -45, "axis": "z", "origin": [9.5, 10, 6]},
			"faces": {
				"north": {"uv": [13.25, 2.25, 13.5, 2.5], "texture": "#1"},
				"east": {"uv": [13.5, 2.25, 13.75, 2.5], "texture": "#1"},
				"south": {"uv": [13.25, 2.25, 13.5, 2.5], "texture": "#1"},
				"west": {"uv": [13.25, 2.25, 13.5, 2.5], "texture": "#1"},
				"up": {"uv": [14.75, 1.75, 15, 2], "texture": "#1"}
			}
		},
		{
			"name": "tube5",
			"from": [9.56789, 9.31789, 2.5],
			"to": [10.06789, 10.06789, 3],
			"rotation": {"angle": -45, "axis": "z", "origin": [10.5, 10, 6]},
			"faces": {
				"north": {"uv": [13.5, 1.5, 14, 2.25], "texture": "#1"},
				"east": {"uv": [13.5, 1.5, 14, 2.25], "texture": "#1"},
				"south": {"uv": [13.5, 1.5, 14, 2.25], "texture": "#1"},
				"west": {"uv": [13.5, 1.5, 14, 2.25], "texture": "#1"},
				"up": {"uv": [15, 0.5, 15.5, 1], "texture": "#1"}
			}
		},
		{
			"name": "connector5",
			"from": [9.275, 9.65, 2.5],
			"to": [9.775, 10.025, 3],
			"rotation": {"angle": -45, "axis": "z", "origin": [9.5, 10, 6]},
			"faces": {
				"north": {"uv": [13.25, 2.25, 13.5, 2.5], "texture": "#1"},
				"east": {"uv": [13.5, 2.25, 13.75, 2.5], "texture": "#1"},
				"south": {"uv": [13.25, 2.25, 13.5, 2.5], "texture": "#1"},
				"west": {"uv": [13.25, 2.25, 13.5, 2.5], "texture": "#1"},
				"up": {"uv": [14.75, 1.75, 15, 2], "texture": "#1"}
			}
		}
	],
	"display": {
		"thirdperson_righthand": {
			"translation": [0, 1.75, 0]
		},
		"thirdperson_lefthand": {
			"translation": [0, 1.75, 0]
		},
		"firstperson_righthand": {
			"rotation": [5, 4, 5],
			"translation": [0.25, 4, 0.75]
		},
		"firstperson_lefthand": {
			"rotation": [5, 4, 5],
			"translation": [0.25, 4, 0.75]
		},
		"ground": {
			"rotation": [0, 0, -90],
			"translation": [0, -1.3, 0],
			"scale": [0.76914, 0.76914, 0.76914]
		},
		"gui": {
			"rotation": [64, 47, -47],
			"translation": [0.5, 0, 0],
			"scale": [0.86, 0.86, 0.86]
		},
		"head": {
			"translation": [0, 8, 0],
			"scale": [1.4, 1.4, 1.4]
		},
		"fixed": {
			"rotation": [-5, -90, 0],
			"translation": [0.5, 0.5, -1.5],
			"scale": [0.72, 0.72, 0.72]
		}
	},
	"groups": [0, 1, 2, 3, 4, 5, 6, 7, 8, 9, 10, 11, 12, 13, 14, 15, 16, 17, 18, 19,
		{
			"name": "tinytubes",
			"origin": [8, 8, 8],
			"color": 0,
			"children": [20, 21, 22, 23, 24, 25, 26, 27, 28, 29, 30, 31, 32, 33]
		}
	]
}