{
	"credit": "Made with Blockbench :)",
	"parent": "block/block",
	"textures": {
		"3": "create:block/cogwheel",
		"particle": "create:block/andesite_casing"
	},
	"elements": [
		{
			"name": "Gear",
			"from": [11.5, -10, 6.5],
			"to": [14.5, 8, 9.5],
			"rotation": {"angle": 0, "axis": "x", "origin": [13, -1, 8]},
			"faces": {
				"north": {"uv": [7, 7.5, 16, 9], "rotation": 90, "texture": "#3"},
				"east": {"uv": [7, 6, 16, 7.5], "rotation": 270, "texture": "#3"},
				"south": {"uv": [7, 7.5, 16, 9], "rotation": 270, "texture": "#3"},
				"west": {"uv": [7, 6, 16, 7.5], "rotation": 270, "texture": "#3"},
				"up": {"uv": [5.5, 7.5, 7, 9], "rotation": 270, "texture": "#3"},
				"down": {"uv": [5.5, 7.5, 7, 9], "rotation": 270, "texture": "#3"}
			}
		},
		{
			"name": "Gear2",
			"from": [11.5, -2.5, -1],
			"to": [14.5, 0.5, 17],
			"rotation": {"angle": 45, "axis": "x", "origin": [13, -1, 8]},
			"faces": {
				"north": {"uv": [5.5, 7.5, 7, 9], "rotation": 90, "texture": "#3"},
				"east": {"uv": [7, 6, 16, 7.5], "texture": "#3"},
				"south": {"uv": [5.5, 7.5, 7, 9], "rotation": 270, "texture": "#3"},
				"west": {"uv": [7, 6, 16, 7.5], "rotation": 180, "texture": "#3"},
				"up": {"uv": [7, 7.5, 16, 9], "rotation": 270, "texture": "#3"},
				"down": {"uv": [7, 7.5, 16, 9], "rotation": 270, "texture": "#3"}
			}
		},
		{
			"name": "Gear3",
			"from": [11.5, -10, 6.5],
			"to": [14.5, 8, 9.5],
			"rotation": {"angle": 45, "axis": "x", "origin": [13, -1, 8]},
			"faces": {
				"north": {"uv": [7, 7.5, 16, 9], "rotation": 90, "texture": "#3"},
				"east": {"uv": [7, 6, 16, 7.5], "rotation": 270, "texture": "#3"},
				"south": {"uv": [7, 7.5, 16, 9], "rotation": 270, "texture": "#3"},
				"west": {"uv": [7, 6, 16, 7.5], "rotation": 270, "texture": "#3"},
				"up": {"uv": [5.5, 7.5, 7, 9], "rotation": 270, "texture": "#3"},
				"down": {"uv": [5.5, 7.5, 7, 9], "rotation": 270, "texture": "#3"}
			}
		},
		{
			"name": "Gear4",
			"from": [11.5, -2.5, -1],
			"to": [14.5, 0.5, 17],
			"rotation": {"angle": 0, "axis": "x", "origin": [13, -1, 8]},
			"faces": {
				"north": {"uv": [5.5, 7.5, 7, 9], "rotation": 90, "texture": "#3"},
				"east": {"uv": [7, 6, 16, 7.5], "texture": "#3"},
				"south": {"uv": [5.5, 7.5, 7, 9], "rotation": 270, "texture": "#3"},
				"west": {"uv": [7, 6, 16, 7.5], "texture": "#3"},
				"up": {"uv": [7, 7.5, 16, 9], "rotation": 270, "texture": "#3"},
				"down": {"uv": [7, 7.5, 16, 9], "rotation": 270, "texture": "#3"}
			}
		},
		{
			"name": "GearCaseInner",
			"from": [12, -7, 2],
			"to": [14, 5, 14],
			"rotation": {"angle": 0, "axis": "x", "origin": [13, -1, 8]},
			"faces": {
				"north": {"uv": [0, 6, 6, 7], "rotation": 90, "texture": "#3"},
				"east": {"uv": [4, 0, 10, 6], "rotation": 270, "texture": "#3"},
				"south": {"uv": [0, 6, 6, 7], "rotation": 270, "texture": "#3"},
				"west": {"uv": [4, 0, 10, 6], "rotation": 270, "texture": "#3"},
				"up": {"uv": [0, 6, 6, 7], "rotation": 270, "texture": "#3"},
				"down": {"uv": [0, 6, 6, 7], "rotation": 270, "texture": "#3"}
			}
		},
		{
			"name": "GearCaseOuter",
			"from": [11, -5, 4],
			"to": [15, 3, 12],
			"rotation": {"angle": 0, "axis": "x", "origin": [13, -1, 8]},
			"faces": {
				"north": {"uv": [0, 4, 4, 6], "rotation": 90, "texture": "#3"},
				"east": {"uv": [0, 0, 4, 4], "rotation": 270, "texture": "#3"},
				"south": {"uv": [0, 4, 4, 6], "rotation": 270, "texture": "#3"},
				"west": {"uv": [0, 0, 4, 4], "rotation": 270, "texture": "#3"},
				"up": {"uv": [0, 4, 4, 6], "rotation": 270, "texture": "#3"},
				"down": {"uv": [0, 4, 4, 6], "rotation": 270, "texture": "#3"}
			}
		},
		{
			"name": "Gear",
			"from": [1.5, -10, 6.5],
			"to": [4.5, 8, 9.5],
			"rotation": {"angle": 0, "axis": "x", "origin": [3, -1, 8]},
			"faces": {
				"north": {"uv": [7, 7.5, 16, 9], "rotation": 90, "texture": "#3"},
				"east": {"uv": [7, 6, 16, 7.5], "rotation": 270, "texture": "#3"},
				"south": {"uv": [7, 7.5, 16, 9], "rotation": 270, "texture": "#3"},
				"west": {"uv": [7, 6, 16, 7.5], "rotation": 270, "texture": "#3"},
				"up": {"uv": [5.5, 7.5, 7, 9], "rotation": 270, "texture": "#3"},
				"down": {"uv": [5.5, 7.5, 7, 9], "rotation": 270, "texture": "#3"}
			}
		},
		{
			"name": "Gear3",
			"from": [1.5, -2.5, -1],
			"to": [4.5, 0.5, 17],
			"rotation": {"angle": 45, "axis": "x", "origin": [3, -1, 8]},
			"faces": {
				"north": {"uv": [5.5, 7.5, 7, 9], "rotation": 90, "texture": "#3"},
				"east": {"uv": [7, 6, 16, 7.5], "texture": "#3"},
				"south": {"uv": [5.5, 7.5, 7, 9], "rotation": 270, "texture": "#3"},
				"west": {"uv": [7, 6, 16, 7.5], "rotation": 180, "texture": "#3"},
				"up": {"uv": [7, 7.5, 16, 9], "rotation": 270, "texture": "#3"},
				"down": {"uv": [7, 7.5, 16, 9], "rotation": 270, "texture": "#3"}
			}
		},
		{
			"name": "Gear4",
			"from": [1.5, -10, 6.5],
			"to": [4.5, 8, 9.5],
			"rotation": {"angle": 45, "axis": "x", "origin": [3, -1, 8]},
			"faces": {
				"north": {"uv": [7, 7.5, 16, 9], "rotation": 90, "texture": "#3"},
				"east": {"uv": [7, 6, 16, 7.5], "rotation": 270, "texture": "#3"},
				"south": {"uv": [7, 7.5, 16, 9], "rotation": 270, "texture": "#3"},
				"west": {"uv": [7, 6, 16, 7.5], "rotation": 270, "texture": "#3"},
				"up": {"uv": [5.5, 7.5, 7, 9], "rotation": 270, "texture": "#3"},
				"down": {"uv": [5.5, 7.5, 7, 9], "rotation": 270, "texture": "#3"}
			}
		},
		{
			"name": "Gear5",
			"from": [1.5, -2.5, -1],
			"to": [4.5, 0.5, 17],
			"rotation": {"angle": 0, "axis": "x", "origin": [3, -1, 8]},
			"faces": {
				"north": {"uv": [5.5, 7.5, 7, 9], "rotation": 90, "texture": "#3"},
				"east": {"uv": [7, 6, 16, 7.5], "texture": "#3"},
				"south": {"uv": [5.5, 7.5, 7, 9], "rotation": 270, "texture": "#3"},
				"west": {"uv": [7, 6, 16, 7.5], "texture": "#3"},
				"up": {"uv": [7, 7.5, 16, 9], "rotation": 270, "texture": "#3"},
				"down": {"uv": [7, 7.5, 16, 9], "rotation": 270, "texture": "#3"}
			}
		},
		{
			"name": "GearCaseInner",
			"from": [2, -7, 2],
			"to": [4, 5, 14],
			"rotation": {"angle": 0, "axis": "x", "origin": [3, -1, 8]},
			"faces": {
				"north": {"uv": [0, 6, 6, 7], "rotation": 90, "texture": "#3"},
				"east": {"uv": [4, 0, 10, 6], "rotation": 270, "texture": "#3"},
				"south": {"uv": [0, 6, 6, 7], "rotation": 270, "texture": "#3"},
				"west": {"uv": [4, 0, 10, 6], "rotation": 270, "texture": "#3"},
				"up": {"uv": [0, 6, 6, 7], "rotation": 270, "texture": "#3"},
				"down": {"uv": [0, 6, 6, 7], "rotation": 270, "texture": "#3"}
			}
		},
		{
			"name": "GearCaseOuter",
			"from": [1, -5, 4],
			"to": [5, 3, 12],
			"rotation": {"angle": 0, "axis": "x", "origin": [3, -1, 8]},
			"faces": {
				"north": {"uv": [0, 4, 4, 6], "rotation": 90, "texture": "#3"},
				"east": {"uv": [0, 0, 4, 4], "rotation": 270, "texture": "#3"},
				"south": {"uv": [0, 4, 4, 6], "rotation": 270, "texture": "#3"},
				"west": {"uv": [0, 0, 4, 4], "rotation": 270, "texture": "#3"},
				"up": {"uv": [0, 4, 4, 6], "rotation": 270, "texture": "#3"},
				"down": {"uv": [0, 4, 4, 6], "rotation": 270, "texture": "#3"}
			}
		}
	],
	"display": {
		"thirdperson_righthand": {
			"rotation": [75, 45, 0],
			"translation": [0, 2.5, 0],
			"scale": [0.375, 0.375, 0.375]
		},
		"thirdperson_lefthand": {
			"rotation": [75, 45, 0],
			"translation": [0, 2.5, 0],
			"scale": [0.375, 0.375, 0.375]
		},
		"firstperson_righthand": {
			"rotation": [0, 45, 0],
			"scale": [0.4, 0.4, 0.4]
		},
		"firstperson_lefthand": {
			"rotation": [0, 225, 0],
			"scale": [0.4, 0.4, 0.4]
		},
		"ground": {
			"translation": [0, 3, 0],
			"scale": [0.25, 0.25, 0.25]
		},
		"gui": {
			"rotation": [30, 225, 0],
			"translation": [0, 1.5, 0],
			"scale": [0.5, 0.5, 0.5]
		},
		"fixed": {
			"rotation": [0, 90, 0],
			"translation": [0, 2.25, 0],
			"scale": [0.45, 0.45, 0.45]
		}
	},
	"groups": [
		{
			"name": "cogwheel_shaftless",
			"origin": [8, 8, 8],
			"children": [0, 1, 2, 3, 4, 5]
		},
		{
			"name": "cogwheel_shaftless",
			"origin": [8, 8, 8],
			"children": [6, 7, 8, 9, 10, 11]
		}
	]
}