{
	"credit": "Made with Blockbench :)",
	"parent": "create:block/block",
	"textures": {
		"0": "create:block/axis_top",
		"1": "create:block/axis",
		"8": "create:block/drill_head",
		"10": "create:block/andesite_casing_very_short",
		"gearbox_top": "create:block/gearbox_top",
		"gearbox": "create:block/gearbox",
		"particle": "create:block/andesite_casing_short",
		"andesite_casing_short": "create:block/andesite_casing_short"
	},
	"elements": [
		{
			"name": "Axle",
			"from": [6, 6, 0],
			"to": [10, 10, 4],
			"shade": false,
			"faces": {
				"north": {"uv": [6, 6, 10, 10], "texture": "#0"},
				"east": {"uv": [6, 12, 10, 16], "rotation": 90, "texture": "#1"},
				"west": {"uv": [6, 0, 10, 4], "rotation": 270, "texture": "#1"},
				"up": {"uv": [6, 12, 10, 16], "texture": "#1"},
				"down": {"uv": [6, 0, 10, 4], "rotation": 180, "texture": "#1"}
			}
		},
		{
			"name": "Core",
			"from": [4.5, 4.5, 8.5],
			"to": [11.5, 11.5, 10.5],
			"rotation": {"angle": 45, "axis": "z", "origin": [8, 8, 8]},
			"faces": {
				"north": {"uv": [5, 5, 12, 12], "texture": "#missing"},
				"east": {"uv": [0, 0, 7, 2], "rotation": 90, "texture": "#10"},
				"south": {"uv": [8, 6, 15, 13], "texture": "#8"},
				"west": {"uv": [0, 0, 7, 2], "rotation": 270, "texture": "#10"},
				"up": {"uv": [0, 0, 7, 2], "texture": "#10"},
				"down": {"uv": [0, 0, 7, 2], "rotation": 180, "texture": "#10"}
			}
		},
		{
			"name": "Bit1",
			"from": [5, 5, 9],
			"to": [11, 11, 13],
			"rotation": {"angle": 45, "axis": "z", "origin": [8, 8, 8]},
			"faces": {
				"north": {"uv": [6, 0, 12, 6], "texture": "#8"},
				"east": {"uv": [0, 0, 6, 4], "rotation": 270, "texture": "#8"},
				"south": {"uv": [6, 0, 12, 6], "texture": "#8"},
				"west": {"uv": [0, 0, 6, 4], "rotation": 90, "texture": "#8"},
				"up": {"uv": [0, 0, 6, 4], "rotation": 180, "texture": "#8"},
				"down": {"uv": [0, 0, 6, 4], "texture": "#8"}
			}
		},
		{
			"name": "Bit2",
			"from": [6, 6, 13],
			"to": [10, 10, 17],
			"rotation": {"angle": 45, "axis": "z", "origin": [8, 8, 7]},
			"faces": {
				"north": {"uv": [4, 6, 8, 10], "texture": "#8"},
				"east": {"uv": [0, 6, 4, 10], "rotation": 270, "texture": "#8"},
				"south": {"uv": [4, 6, 8, 10], "texture": "#8"},
				"west": {"uv": [0, 6, 4, 10], "rotation": 90, "texture": "#8"},
				"up": {"uv": [0, 6, 4, 10], "rotation": 180, "texture": "#8"},
				"down": {"uv": [0, 6, 4, 10], "texture": "#8"}
			}
		},
		{
			"name": "Bit3",
			"from": [7, 7, 17],
			"to": [9, 9, 20],
			"rotation": {"angle": 45, "axis": "z", "origin": [8, 8, 7]},
			"faces": {
				"north": {"uv": [2, 10, 4, 12], "texture": "#8"},
				"east": {"uv": [0, 10, 2, 13], "rotation": 90, "texture": "#8"},
				"south": {"uv": [2, 10, 4, 12], "texture": "#8"},
				"west": {"uv": [0, 10, 2, 13], "rotation": 90, "texture": "#8"},
				"up": {"uv": [0, 10, 2, 13], "texture": "#8"},
				"down": {"uv": [0, 10, 2, 13], "texture": "#8"}
			}
		},
		{
			"name": "Body",
			"from": [2, 2, 1],
			"to": [14, 14, 9],
			"faces": {
				"north": {"uv": [2, 2, 14, 14], "texture": "#gearbox"},
				"south": {"uv": [2, 2, 14, 14], "texture": "#gearbox"}
			}
		},
		{
			"name": "Bottom",
			"from": [0, 0, 0],
			"to": [16, 2, 10],
			"faces": {
				"north": {"uv": [0, 14, 16, 16], "texture": "#gearbox_top"},
				"east": {"uv": [14, 6, 16, 16], "rotation": 90, "texture": "#10"},
				"south": {"uv": [0, 14, 16, 16], "texture": "#gearbox_top"},
				"west": {"uv": [14, 6, 16, 16], "rotation": 90, "texture": "#10"},
				"up": {"uv": [0, 4, 16, 16], "texture": "#andesite_casing_short"},
				"down": {"uv": [0, 6, 16, 16], "texture": "#10"}
			}
		},
		{
			"name": "Top",
			"from": [0, 14, 0],
			"to": [16, 16, 10],
			"faces": {
				"north": {"uv": [0, 0, 16, 2], "texture": "#gearbox_top"},
				"east": {"uv": [0, 6, 2, 16], "rotation": 90, "texture": "#10"},
				"south": {"uv": [0, 0, 16, 2], "texture": "#gearbox_top"},
				"west": {"uv": [0, 6, 2, 16], "rotation": 90, "texture": "#10"},
				"up": {"uv": [0, 6, 16, 16], "texture": "#10"},
				"down": {"uv": [0, 4, 16, 16], "texture": "#andesite_casing_short"}
			}
		},
		{
			"name": "Side",
			"from": [0, 2, 0],
			"to": [2, 14, 10],
			"faces": {
				"north": {"uv": [14, 2, 16, 14], "texture": "#gearbox_top"},
				"east": {"uv": [2, 4, 14, 16], "rotation": 90, "texture": "#andesite_casing_short"},
				"south": {"uv": [0, 2, 2, 14], "texture": "#gearbox_top"},
				"west": {"uv": [2, 6, 14, 16], "rotation": 90, "texture": "#10"}
			}
		},
		{
			"name": "Side",
			"from": [14, 2, 0],
			"to": [16, 14, 10],
			"faces": {
				"north": {"uv": [0, 2, 2, 14], "texture": "#gearbox_top"},
				"east": {"uv": [2, 6, 14, 16], "rotation": 90, "texture": "#10"},
				"south": {"uv": [14, 2, 16, 14], "texture": "#gearbox_top"},
				"west": {"uv": [2, 4, 14, 16], "rotation": 270, "texture": "#andesite_casing_short"}
			}
		}
	],
	"groups": [
		{
			"name": "head",
			"origin": [8, 8, 8],
			"children": [0, 1, 2, 3, 4]
		},
		{
			"name": "casing",
			"origin": [8, 8, 8],
			"children": [5, 6, 7, 8, 9]
		}
	]
}