{
	"credit": "Made with Blockbench :)",
	"parent": "block/block",
	"textures": {
		"0": "create:block/axis",
		"1": "create:block/axis_top",
		"2": "create:block/gantry_shaft",
		"4": "create:block/large_cogwheel",
		"particle": "create:block/gantry_shaft"
	},
	"elements": [
		{
			"from": [3, 2, 3],
			"to": [13, 5, 13],
			"faces": {
				"north": {"uv": [7, 2.5, 8.5, 7.5], "rotation": 270, "texture": "#4"},
				"east": {"uv": [7, 2.5, 8.5, 7.5], "rotation": 270, "texture": "#4"},
				"south": {"uv": [7, 2.5, 8.5, 7.5], "rotation": 90, "texture": "#4"},
				"west": {"uv": [7, 2.5, 8.5, 7.5], "rotation": 90, "texture": "#4"},
				"up": {"uv": [2.5, 2.5, 7.5, 7.5], "rotation": 180, "texture": "#4"},
				"down": {"uv": [2.5, 2.5, 7.5, 7.5], "texture": "#4"}
			}
		},
		{
			"name": "Axis",
			"from": [6, 0, 6],
			"to": [10, 16, 10],
			"shade": false,
			"faces": {
				"north": {"uv": [6, 0, 10, 16], "rotation": 180, "texture": "#0"},
				"east": {"uv": [6, 0, 10, 16], "rotation": 180, "texture": "#0"},
				"south": {"uv": [6, 0, 10, 16], "rotation": 180, "texture": "#0"},
				"west": {"uv": [6, 0, 10, 16], "rotation": 180, "texture": "#0"},
				"up": {"uv": [6, 6, 10, 10], "texture": "#1"},
				"down": {"uv": [6, 6, 10, 10], "texture": "#1"}
			}
		},
		{
			"from": [3, 11, 3],
			"to": [13, 14, 13],
			"faces": {
				"north": {"uv": [7, 2.5, 8.5, 7.5], "rotation": 270, "texture": "#4"},
				"east": {"uv": [7, 2.5, 8.5, 7.5], "rotation": 270, "texture": "#4"},
				"south": {"uv": [7, 2.5, 8.5, 7.5], "rotation": 90, "texture": "#4"},
				"west": {"uv": [7, 2.5, 8.5, 7.5], "rotation": 90, "texture": "#4"},
				"up": {"uv": [2.5, 2.5, 7.5, 7.5], "rotation": 180, "texture": "#4"},
				"down": {"uv": [2.5, 2.5, 7.5, 7.5], "texture": "#4"}
			}
		},
		{
			"from": [4, 5, 4],
			"to": [12, 11, 12],
			"shade": false,
			"faces": {
				"north": {"uv": [0, 5, 8, 11], "rotation": 180, "texture": "#2"},
				"east": {"uv": [8, 5, 16, 11], "rotation": 180, "texture": "#2"},
				"south": {"uv": [0, 5, 8, 11], "rotation": 180, "texture": "#2"},
				"west": {"uv": [8, 5, 16, 11], "rotation": 180, "texture": "#2"}
			}
		}
	],
	"groups": [
		{
			"name": "rack",
			"origin": [8, 8, 8],
			"children": [
				{
					"name": "end",
					"origin": [8, 8, 8],
					"children": [
						{
							"name": "shaft",
							"origin": [8, 8, 8],
							"children": []
						}, 0]
				},
				{
					"name": "middle",
					"origin": [8, 8, 8],
					"children": [
						{
							"name": "shaft",
							"origin": [8, 8, 8],
							"children": [1]
						}
					]
				},
				{
					"name": "start",
					"origin": [8, 8, 8],
					"children": [2, 3,
						{
							"name": "shaft",
							"origin": [8, 8, 8],
							"children": []
						}
					]
				}
			]
		}
	]
}