{
	"credit": "Made with Blockbench :)",
	"parent": "block/block",
	"textures": {
		"2": "create:block/gantry_shaft",
		"particle": "create:block/gantry_shaft"
	},
	"elements": [
		{
			"from": [4, 0, 4],
			"to": [12, 16, 12],
			"shade": false,
			"faces": {
				"north": {"uv": [0, 0, 8, 16], "texture": "#2"},
				"east": {"uv": [8, 0, 16, 16], "texture": "#2"},
				"south": {"uv": [0, 0, 8, 16], "texture": "#2"},
				"west": {"uv": [8, 0, 16, 16], "texture": "#2"}
			}
		}
	],
	"groups": [
		{
			"name": "rack",
			"origin": [8, 8, 8],
			"children": [
				{
					"name": "middle",
					"origin": [8, 8, 8],
					"children": [0,
						{
							"name": "shaft",
							"origin": [8, 8, 8],
							"children": []
						}
					]
				}
			]
		}
	]
}